,design,n,mpnn,plddt,ptm,pae,rmsd,seq
0,0,0,1.0532903252429504,0.6879175901412964,0.32487753033638,18.671563863754272,30.528900146484375,AELSPEVKAAIEERRYRAKVEAEGRAKIELLKEGMKRAGFSEEEIEEIVKKLKELVEKALKPEAEEVRKEYEELVKKELSKLSEKDILEAAVELAEKKLKEMKETSEAEYERLKKLYKEIKEKLLKEGKEEEAKREAAEEVVKEAEYAKIMAKVDAEIAAALAAAAAA
1,0,1,1.0745747879040086,0.7838915586471558,0.3810814917087555,17.349894762039185,33.250247955322266,MELSKEEIEEIEEKYYAARVKGEGEARLELLRRGMELAGFPEEEIRRVLEELEELIEKALEPSAEKVREEYERLVRERERLLSPEDRLRAAVELAEEKLEEAKKESEEEYEKLKKLKEEIEAELKAKGELEEAKREAAIAVTIKATELKILKEVDREIEEKLRKKLEE
2,0,2,1.1760722904519976,0.9296363592147827,0.5369818210601807,9.44531711935997,52.174983978271484,MALSPEEQQAIADRRYAAEVRAEAAAKIRFLRRGMELAGASQEEIERLTARLEELAERALDRAAEATRAEYERLLAEEESRLSREVRLEAAVELAEERLEEAKRRSEEVYERLVRKREEIERELLALGKEEEAKLEAGREVTRLAEYARLMEEVLREEEERREKELLS
3,0,3,1.0894077211147362,0.9216138124465942,0.8625599145889282,3.833691604435444,1.7850841283798218,MELSEEEREEIEERRYAAEVRGEFEAEIELLREGMKLAGFSEEEIKEAVERLEKLGEEALKKEAEEVRREWRELVEELKSKLSDEDLLKAAEKLAKERLEKAKEEDEEVYKKLEEERKKVEEELLKKGEEKKAKYEAAKKVTELYTTAELMKEVDEEIERRLAEKLAA
4,0,4,1.0947645271343591,0.6130470037460327,0.3803193271160126,16.663016259670258,2.885802984237671,VKLSPEEVERIEERRYAARVEGEAEAKIELLEKGMKKAGFSEEEIKKVLEELRSLAKEALKPEAEEVRKKFEELYEKVLSKLSEEDILESALELAKEKLEEMKKTSEEEYEKLEKLKKEIREKLLKEGKEKEAERVAADKVVEEATYYEIMKKVEEEIEAELKRKAEA
5,0,5,1.1291416579451452,0.6243447065353394,0.3442550301551819,17.233996868133545,21.35523796081543,MALSEREREEIERRRYEAYVRAKAEAKIRLLERMMEKEGVSKEEKEEAIKKLKELAEKAVEPEAEEVLKEWEKLVEELEKRVSEESKLEAALELAEEELEEARETSEEVYKELEAERERVKAELLARGDRERAEREAAELVVEKAVYAKRMEEVDAEIERRAAERLAA
6,0,6,1.099867395946835,0.8140925168991089,0.6839358806610107,8.549105852842331,1.617401361465454,MKLSKEEKEAIEEKKYAAKVEAEGKAEIELLERMMKLEGFSEERIEEEIKELEELVKKALKPEAEDVRKEYKKKVEEIKKEISEESKLEAAIELAEEYLARAKETSEEVYKELKELYEKIKAELLAKGEEKEAEYRAAYEVTIKAQEAFLMEKVDKEIKEKEKKKLEK
7,0,7,1.0685277771721746,0.8270831108093262,0.6491982340812683,7.459002956748009,20.882795333862305,MELSEEKLKEIEERRRRARVEAEFRAEIKFLEKAMKKAGFSEEEIKEIIDKLKELGEKALEESAEEVVKEWKEFLEKELSKISKEDRLEAAKELAEEELKEAKEESKEVYERLKELKERIKEELLREGKEEEAEYEAAKAVVEEAEYARLMKEVDKEIEEELKKLLEE
8,0,8,1.0904872898427669,0.8495165705680847,0.5822070837020874,13.14209759235382,22.62876319885254,AALSAEVQQQIADRRHAARVRAEAEADIELLRRGMELAGFPEEEIEEVLRRLRELAERALSPEAEDTRREYREFLAEVRSTLSEEDILEAALELAEEKLREAAARSEALARELEALRERIRAELEAEGKLKEAERRAAVAVVRAATEAEVLAEVDAAIAAALAAAAAA
9,0,9,1.0734290509688387,0.8863046169281006,0.7796367406845093,4.954191505908966,1.622177243232727,AALSPAVVQAIEDRRFAARVRAEVEADIRLLERAMRRAGVSEEELEEAVKRLRELGERALSREAVETLEEYRRLREELLGRLSRADILEAAVELAAEELAAAAASSAAEAARLEAERRRIREELLAEGREEEAELRAADAVVRLAQEARLLAEVDAEIAAEAAAAAAA
10,0,10,1.1038676835382983,0.8904682993888855,0.5296496152877808,10.481635421514511,33.52117919921875,MELSEEEKKEIEKLRLAARRKGEAEAKIRLLKRGMKLAGVSEEEIKEVEKKLKELAEKMLEPSAEKVWEEYKKLFEEEKSKLSEEDLLRAALELAAEELAEARQTSAEVAARLEALRERIRAELLRQGREREAERRAGEAVTIEAQTAKIMAEVDAAIEEALKKRLAE
11,0,11,1.0836120935487605,0.6800040006637573,0.4669184982776642,14.121190339326859,18.751113891601562,GALSPEERRELEERRRAARVRAEAEAEIRLLDRAMERAGVSEKEKEEVLEQLRELAERALAPEAEAVREEYRKLLAEVRKTLSEEDILEAAVELAEEALEEAKRESEEVYEELVKKREEIEKELLEKGKKEEALRKAAEEVVRLAEEARVMAEVDAAEAARAAEAAAA
12,0,12,1.1032229080760443,0.8095069527626038,0.45455825328826904,14.109594821929932,32.388824462890625,MELSEEEKEEIKKRIEKAKIEGEGEARIRLLRRMMERAGFSEETIREIVEKLEELRKKALEPEAKEVRKEYEELVKEEEARISEEDKLEAAVELAEEKLAQMKAESEEAAAALEALREEIRAELLARGEEERAERLAGEAVVIAATTLEKMKEVEEEIKKELKAKEEK
13,0,13,1.1022802899334643,0.8066462278366089,0.44322746992111206,15.329112321138382,47.676666259765625,MELSPEEVKEIKERRYEARVKARAEAEIEFLERAMRLEGVSEEEIKEALEKLKELAEKALKPEATEVLKEYEKLLEQLLSKLSEEARLKAALELAEERLEEAKRRDKEVYEELERKREEIRARLLARGEERRAEYEAARAVTILAREAEILKEVEEKEKKELAEKLAA
14,0,14,1.161880887753931,0.8011456727981567,0.5096082091331482,10.288432538509369,20.898319244384766,MALSAEVQAEIAERLYAAKVRAEGEAYIELLERAMKLAGVSEEELKEVVEKLRSLVEEALKPEAEKVREEWKELYSKELSKISKEDLLKAALELAAEKLEEAKATSQEVYDALVAKRAAIRAELLEKGLEEEAERRAAEAVTIEAQYAKVMAEVNAELEAALAAALAA
15,0,15,1.1239593981850113,0.8984770774841309,0.5956258177757263,8.899773478507996,33.11397171020508,YKLSEEEIKRIEEEYYRAKVEAEAEADIEFLERAMRLAGFSEEEIEEKVEKLRELAKKMQKKEAKEIWEEYEKLLEELLSQVSEEDRLRAAVELAEEKLEEMRKKDKEVYEKLEEERKRIEAELLEKGKEREAKLEAGDKVVKLATYYERMEKVDKEIEEKLKEKLEK
16,1,0,1.1932054468651658,0.7117727398872375,0.647336483001709,8.90460255742073,3.3632707595825195,SKELLEKVEKAKQSWPSEDQELAELFSKIAKEVLKGKEVEVFLLTSKRMKEDMELAELYLEASEKEGAIVLFVMLYSDSPEDQPLYEEALERLGKLAEKLKEKNDFLLVEIRKLIDYSSSSVPVNIYALTLTSQDPAGAEEYLERFRALLEERVPEFNFSEPGTVRYL
17,1,1,1.2010401485748585,0.7799386382102966,0.6863951683044434,7.653438746929169,1.9474611282348633,MEQLLQEVEEYKKSLPEDVQELEKLFERIAKEVLEGKEVLVFLLTPEHMEEDLERAKKYIEADERDGAVYVFVVWHDASPENQEKLEKARKALEDLAKELADKNKFILVEIEELVDLSTAETPKKVYRVTLKTQDPAGAEELLEKFRRLLEERVPEINLEEEPEVVYL
18,1,2,1.1547508227084595,0.7718865871429443,0.7310247421264648,7.852732717990875,2.286529779434204,MKKLLEEVEEEFKKKPEEVRKKYQLYKEIAKEVLQGKEVEVFLLTEKYMEEDLELAKKALKASKKEGAYYVFVIEYSSSPRDQKKLENALKEIEELRKELKEKGKTIVVLIQENVDLSTNETPVTVWSVTLKSEDPAGAEELLEKFRKLLEEKFPHVNLDNPSTVVNY
19,1,3,1.1880805128921614,0.8441696166992188,0.7591391801834106,5.9146954864263535,2.808347225189209,SEELLREVERRREERPESDRELEELFREIAREVFEGKEVVVSTLTSEHMMEDLEDAELLIEADEREGAIYLFVIEYDSSPESQELKEKALAALDRLAEQLAARNEVVLVEIEIHIDFSTEKVPVKRYSLTLRSQDPAGAEEWLERFRRLLEERIPDYNFEEPARVIRW
20,1,4,1.1715424557273046,0.8537449240684509,0.767540454864502,5.91986870765686,1.368863821029663,SSELLKEVEEEFKKKPEAVRELAELFKEIAEEVYKGEDVEVFLLTAEYTEEDLEIAKKFIEASKKEGARYVFVLLYKDSKEQQPLLEKALKELEKIAEELKEKNKVDVILIKEHIDYSKYKKPVNEYEITLISQDAAGAEEILERFTKLLEERFPFFNTSREPKVIYL
21,1,5,1.1516222627147996,0.5901669859886169,0.41743165254592896,12.936971217393875,3.6551036834716797,MEELLKEVEERFEERPESDREREKLYAEIAKEVLKGKEVEVFLLTKKYTLEDLEDAEKYIEASEKEGAVYLFVIEYDDSEEDQEKLKKAREKIEELKEKLKEKNDLLVVEIQEIEDLKTNAVPKKVYKLILRSSNPAGAEEILRKFKELLEKRFPEYNFELPAEVLYD
22,1,6,1.1440835954117827,0.9107639193534851,0.8404995203018188,4.4159640073776245,1.6717733144760132,ADELLEEVQRAFESKPAELQERAELFREIAREVFEGKEVEVFLLSAETLEEDVELMRKYLEASEKEGAIVVVVIETDDSEAAQAKLAEALRELEELREELREKNDFVLVRITRHRDFSTSAVPVNVWSLTLESQNPEGAEEALARFRELLAERVPEYNFSLPATVVRY
23,1,7,1.168615518511739,0.8801630735397339,0.8171495199203491,5.2903566509485245,1.4930142164230347,MEEKLRKVEKRYEELPESVQELRKLFEEIAKEVFEGKEVNVFLLTAEHMLEELDMMKDYVEADEKEGAIYVVVVLHRSSPEDAPLLEKALKELEKLKKELKEKNKFVLVKIQELVDYSSEKKPVKKWKLTLESEDPAGAEEWLEKFRKLLEERVPEFNFEEPAEVVNW
24,1,8,1.2156681694431122,0.6492469310760498,0.5492991209030151,11.033235043287277,4.561920166015625,SQSLLEKVKERYASLPKDVQELAELFREIAKEVLKGKDVVVSLLTSEYMLEDLESAKLLIEADTREGAVYVFVILHSSSPEDQEKLEQARKELEKLAEELKDKNRVLVVEITKHVDYSSSEVPINVWEILLRSQDAAGSEEYLEKFRKLLEERVPWANFSLPATVEND
25,1,9,1.1837348463639625,0.7227705121040344,0.647080659866333,8.62653648853302,4.882637023925781,AEALLEKVRELFESKPEEDRKLAELFKEIAKEVLKGREVRVFLLTSKNMKEDLEAMELYVEADEREGAIYLAVILHSDSEEDKPLLEEARAALAKLRERLAKRNKFVLVEIKIIRDYEKYEKPVNIYEITLESEDPAGAEEYLKKFQKLLEERVKEFNFNEEGKVVYW
26,1,10,1.105478974126468,0.8306213617324829,0.7670221328735352,6.833435371518135,1.3966703414916992,MEKLLKEVEEEKKSKPESVQKLEETFKKIAKEVLKGKEVVVSLLTSKYMEEDLELAKKKIKADKKEGAIYLFVIIYSDSPEDREKYEKALKELEKIKEELKDKNEFILVEIKEHQDLSTQEKPVKIYSITLKSQNPEGAEEYLKKFGELLEEKIPSFNLTLESKVINY
27,1,11,1.187389648803568,0.9250282049179077,0.8550571203231812,4.113172352313995,1.168977975845337,SEALLQEVEERIASLPEEDRQLAKLFEEIAKEVLKGKKVVSFLLTYRHMEEDLEMAKLYIKASKEEGAIYVFVVLHRSTPEDQPLLERALKALEELKEELKDKNKFILVLIEEHTDYSKYKTPVNHYKLTLKTEDPEGAEEYLEKFKQLLEERVPFFNFKFPAEVEYF
28,1,12,1.1639160508750193,0.8357486128807068,0.7455713152885437,6.373118460178375,5.828856468200684,AEALLAEVEARFASLPSEVQALAELFKKIAEEVLKGKEVEVFLLTEKYMEENMEMAKLYLKASKAEGAVVVFVLLYSSSPKDEEKLKKALEELEELREELKDRNKFILVEIKKHVDYSSEEKPVIRYSFTLHSEDPEGAEEILEKFVKLAEEEIKEFNSVYKPEVIYF
29,1,13,1.239710686920658,0.5077133178710938,0.27794450521469116,17.659604370594025,13.352872848510742,AQKLLEKVKETYASLPKSVQERAELYKKIAKEVLKGEEVESFLLSAKHMELDLEMAKLYLEASEKKGAIYFFFIETDNSKKHQPLLEKALEELEKLKEKLKEKNKFILVHIQEIRDYSKYEKPVNIWKITLESQDAAGAEKYLKEFRELLEKERRDFNFTEPGTVINY
30,1,14,1.170448785045896,0.6393769383430481,0.5772979855537415,10.441337049007416,2.6279854774475098,MDDLLKEVEEAYKKKPKREQERAALFKEIAEEVFKGKKVRVFLLSAKYTEEDLELAEKYIEASEEEGAIYLFVLEFSEKEEDKELREKALERLEELREKLKEKNKTVLVELQIHRDLSTNKKPVNKYSITLTAEDPSGAEEYLEKFRSLLEKRVSDYNFSFPGKVVYW
31,1,15,1.1728021311540817,0.7464399933815002,0.7038325071334839,8.053468853235245,4.35743522644043,AESLLKKVEEKYKSLPKEVQELAELFKEIAKEVFEGKEVVVSLLSSEHMLEDLELTKLLIEADEREGAIYLVVILYDDSEESKKKLEQALKELEELAEELKDKNDFVLVLIKKHVDFDKYEIPVNIYSVTLISENPEGSEEYLKKFKQLLEERVSWVNLTEESKVINL
32,2,0,1.0976559274309603,0.5021897554397583,0.28361305594444275,17.531358003616333,15.492207527160645,MFFLLGALVDATATPEANVAALRRQIAEQLEEIEKALESGKEEKIEELNETRFAEMLEEARRRAKEAAERGRKTLILVGVTDGSNEEARELGREILERLQAATGAEGRLEVDTLFAMVVRLLEAGVDADIFAVEVLTEEELKELLKNWEKTAEATFAAAAARLAALAA
33,2,1,1.0742104670191723,0.5653477907180786,0.479461669921875,13.147935539484024,3.146740198135376,MFVLAAAFLRATDSPRANVARLREQLREQLEKWKEALESGDESKIEELNKQLFEEVKKRAKELAEEAKKRGIKMLIVVGVADPSNEELRELGKKILEELKEATGAEGRFEVTSLVEAAERLLLEGVDADILAVEVYTEEKLKELLEEWERVADARFEAMAARLEAAAA
34,2,2,1.0677118357965873,0.829386830329895,0.7676714062690735,5.95188595354557,1.1169559955596924,MYFIFAVFWLPERSPGANVAAARQRLAEQLKRVKEALESGKEEEIERLNRELREETLREAKELAERARKRGRKVRILVGVMDGSDEEARELGRELLRELSEATGAEGEFAEASVFEMLVARLEAGEDAEILAVGVYTEESLLQLLESFEKTADARAAAAAARLEALAA
35,2,3,1.0793899017231479,0.5506049394607544,0.4008864164352417,13.92745715379715,16.985456466674805,MFFLLAGLLDPEKTPRENVEALKAEIDAQLAAWAAALASGDEAEVQALNEALKERFIKEAKEKAEEAAKKGYKTLILVGAADGSNAALVELAREILRELQEATGAEGEFAVASLFEMAVERMLAGVNATGFFVEVLDRDSLEALLAAWARDADARFAAAAAALEAAAA
36,2,4,1.114747695425428,0.6741982102394104,0.5978251695632935,9.03783044219017,1.7718908786773682,MFFLLAVLLDPSESPRSNVKKMKETIEEQLKEIEKALKSGDEKKIEELNEKLRKEFIEEAKKKAEEWKKEGKETLIIVGATDGSNEELLRLGEEIGKELSKATGAKSEFKTTSLFEAAYERLEEGVDAAIFAVEVMDEKSFLEFLESYKKYADEIFEKRAEELERLAA
37,2,5,1.1182769456035269,0.8916003704071045,0.8347940444946289,4.142591670155525,0.7872034311294556,MLFLLAAFWRPEESPAANVEKVRNTLEEQLKKIEEAVKSGDEKKITELNEKLFKETLEEAKKLAEEAKKRGREMLILVGTRDPSNQAAREKAKEIGEELSKATGAEVEYYDASLFDMLYERLRAGLNADILAVEVLTEEQFKELLEKWKKVAEEKFEKAAEELTALAA
38,2,6,1.084149950030698,0.5320035815238953,0.3348257839679718,17.285279154777527,17.452102661132812,MFFVLSVFVDPTKSPREQVEAVKEELEKQLREIEKAVKSGKEEEIERLNRELEERTLERARQLAEEAARLGLEMLILGGATDGSNEEALELTRRLLERLQRATGARAEFAVASLFEMFLERARAGVDAALVLVEVMTLEDFKKFSERWKKDLDERFARAAEELDALAA
39,2,7,1.0861661326203216,0.8759322166442871,0.8064218163490295,5.056926533579826,1.4989711046218872,MFFIFAVLLRAEDSPAANIEALERKITEQLEEIKKLLESGKKEEIEEYNERLLKEFIEEAKKRAEEAKKRGREVLIVGGVTDPSNKEALELGKQILEELSKATGAKAEFRVDTVFGMVVRLLLAGVDADIFAVEVMTEEDFEKFLERHEKVAKTVFDRAAAELTAAAA
40,2,8,1.1199462742188517,0.7407435178756714,0.6003807783126831,8.097547709941864,5.813884735107422,MLFVLATFLDPELTPRENVEKLLETIKEQLEKIEKALKSGKKEEIEKLNEELLAETLAEAKARAERARARGHRMRIVGGVTDGSNEEAREFGRRILQEFVAATGAEGTFEVASLFDLATRLLEAGLDADLLLIEVLTEEEFQELLKKFKENAEEIAKKRAERLEKLAA
41,2,9,1.029107080090381,0.5100984573364258,0.4059557020664215,13.462024301290512,3.2259814739227295,MFFLLAAFIDAEESPRANVEKLRDTIKEQLERIKEAVESGEEEKIKELNEELLERVLEEARERARRARERGRRMVIVVGVADGSNEEARELGRRILEELVAATGAEGEFGETFLFEAVVERLEEGLDADILAVEVLTEEEFEKLIEEFEKVADEKFEEAAERLEELAK
42,2,10,1.0486395257743581,0.5732733011245728,0.4120199382305145,13.896960139274597,10.024839401245117,MFFILAVFWDPEKSPAENIREVQKKIEEQLEKIKEALESGELEKIEELNEKLLKEIIEEAKKKAEEWKKKGVKMLIVVGASDPSNKELNELAEKILKELQKATGAEGIFENSTLFDMLVRRLEEGVNAAILAVEVLDKESFEKLLEEYSKVAEERFEAAAARLTALAE
43,2,11,1.1504046844875506,0.5342679619789124,0.3225620985031128,16.33470356464386,12.624995231628418,MFFLLGVFLDSDKSPAENVAALLAELQRQLKEIEEAIKSGEEEKIKELNEERLKKMLAEAKERAKEAAEKGKEMLIVVGATDGSNEEALELGRRIGEEFSKATGAKYEFGITSLAEAVYRRLAAGLDADILAVEVMTLEDFEELLARSKEVLESVAEQRARDLAALAA
44,2,12,1.2044436381412857,0.5156817436218262,0.3676656186580658,17.643142819404602,20.239444732666016,MLFLLGAFLSAEQSPAQNMANLYRQISEQLDRIREALASGSEEKIRELNEELLQKLLEEAREQAKRSRELGREGLIVGGAMDGSNEEALELARKILEEFQKATGEKAEFLETSLLEAAARLLEEGVDADIFALEVLTEASLEELLASWEKNAEAVTQELAQRLAQLAA
45,2,13,1.1248349424314228,0.4745601415634155,0.3455076217651367,16.81329697370529,12.784905433654785,MLFLLGAFLRSSKSPADNISALKAQIEKQLEQIKKALESGEEEKIEELNEKLFEELLEEAKKLAEEAKKEGREMLILVGVADGSNEEALKLGREIGERLSKATGAKLELAVASLFELAVRLLKEGVNADIIAVEVLTEEDFLDFLKRFEKVADEVFDEAAKELTELAA
46,2,14,1.0924411794141355,0.6984392404556274,0.5946328043937683,9.587056636810303,6.400758266448975,MFFILAVLIDPEKTPRENIEAMLKQIREQLEKIKKALESGKEEEIEKYNEELLEQFIKEAKARTEEAKKRGIEVKIIVGAADPSNEEALELAKEILKRLKEATGAEAEFEVSFLGDAVYERLAAGVNAAIFAVEVLTEEDVKRLLEQFEKVAEEIAARRAAELEALAA
47,2,15,1.0988113667960144,0.5536039471626282,0.4058680534362793,14.946518450975418,16.858877182006836,MYFLFSVFFRATQSPAANVAAAKARLKEQLERVKELVESGKEEEIERYNEELFAATKAEAAARAAEAAALGRRTLIIVGATDGSNEELLALAREIGADLAAATGAELELAVDTLSGLLARRLEAGVDADILAVEVMTLEDFEKMLARWEVDADARFAALAARLEAAAA
48,3,0,0.9718128238181829,0.7392414808273315,0.6200896501541138,11.9923435151577,9.29832935333252,MEGTLIVVKSVEDVDAAAAKVRALMAAGEEMVVVEAKDDVEALLALARALAGERFAVALPARLVSEELARALREAGAAALIVRVTPEDIEKLPEIARMLLEGVGFEEVLLEFAEPETIEEQARRVAELLKDLRGLRLTRRPTMTEAAEAFERALAYLRERLGYEEYTL
49,3,1,1.0232964690520363,0.7598173022270203,0.6945673227310181,9.330802261829376,2.6795709133148193,SEGPLVEVRGPEDVEEVVRRVRELMEKGEEMVVVLGRGDREALVEVARALRGENFAVELPASLVSEDLARELKEAGVKALIVVVEPDDIERLPEIVRMLLEKVGFEHVLLTFGSADTILEQAKKVAQLLSQIKGLKLTRRPEMKEAEKLFDEALEYLKKELGYELYTV
50,3,2,1.024404796932472,0.7797368168830872,0.7208638191223145,8.131633967161179,1.9172471761703491,SMATEVTVRSVEDVPEVVARVRELMERGEKAVVVRAGGDLEAMLKVAEELKGERFAAALPARSVSEELAKKLKEAGVEHLIVDLTPDDIERVPGIVRMLLEEIGFEEVLLRFHSPETIMEQAEGAAKLLKDIEGIRMVRRPEFTEAREKYEEALEFLEKELGVKELTL
51,3,3,0.990329834751022,0.8359874486923218,0.7778609395027161,6.138033226132393,1.867188572883606,EEGPLVTIHGVEDVPEVVAKVRELMAQGVEAVVVRAKDNVEALLAVAEELKGENFVVSLPTRLVSLELMQKLKEAGVKYLEVDITYEDVEKLPEVVRIALEEVGFEEVLLRFASSSTIHEQAEKVAELLKDIKGLKLTRRPEDEESREDFEEALKYLEEKLGIKEFKI
52,3,4,0.9172892387676467,0.8720164895057678,0.809248685836792,4.921766370534897,1.3533296585083008,MEGTLVEVRGPEDVAAAAARVRELVAAGEEVVVVRARGDLEGLLALAEALRGEPFAVELPTSLVSLELARALREAGVRHIIVGVTPEDVERLPEVVKMLLEEVGFEEVLLTFEDAETIHEQARAVAELLKDIKGVKVVRRPEMTDAREAFDEALALLKKELGFEELRL
53,3,5,0.9431845267584493,0.7863594889640808,0.6990240812301636,7.49050560593605,1.760343313217163,MEGPRVVIKGPEDVEEVAEKVRAEIEAGAEAVVIEAPGSLEALLKLAEAVKGLPFAVELPARSVSLEVMKALKEAGVKHLIIVVTKDDIEKLPEIVKMALEEVGFEEVLLRFGDEETIFEQAEKVAELLKDIKGLRLVRDPGMKEAREKFEEALKYLEEKLGWKLYTL
54,3,6,0.972004275533743,0.8574870824813843,0.7821971774101257,5.635803014039993,1.7792351245880127,MEGPLVTVEGPEDVPAVAERVRELMAAGVEAVVVLAKGNLEAMLELARALRGENFAVALPASQVSLELARELKEAGVKHLIVEVTPEDIEKLPEIARMLIEEVGFEEVLLQFASAEHIHEQAEKVAELLKDLKGLKVVRRPEMKEAEEAFEEALKFLKDKLGFEEYVI
55,3,7,0.9614923404223465,0.7658620476722717,0.6908888220787048,8.892049908638,2.3182313442230225,SMGPLVTVRGPADVPALAERVRAEMAAGAAAVLVRARGDLEAMLELAERLRGERFVVELPASLVSLELARRLKAAGAAALAVRVTPADVERLPAVLRTLLEEVGFDHVLLTFAEPSTIEEEARKLAELAKDIKGLRLMRRPEMEEARERFEKALEYLKEKLGYEELVL
56,3,8,1.0316617568074649,0.7086769342422485,0.6044979095458984,11.406826704740524,2.9205069541931152,SEGTEIVVRGPADVPAVAAQVRAHIAAGEEAVVVRAGGARDALLALAEAVKGEPVVVSLPTRLVGKELAESLKEAGVKHLAVGVTPEDIARLPEVVRMLLEEVGFEEVLLYFVSAETIMEQAREVARLLSEEKGLRLMRRRSMVEARETFDEALAYLERTLGIRELTL
57,3,9,0.9305211356065403,0.8231639266014099,0.7410131692886353,6.694591730833054,1.6070905923843384,AEGPEVVVRSPADVAAVAERVRAEIAAGADAVVVRARGDLEALRALAEAVRGEPFAVELPAEQVSLELARALKEAGVRALIVGVTPEDIERLPEIVKMLMEEVGFEEVLLTFESPEHIEEEAREVARLLKDIKGVRLVWRPSMTEARAAFDRAAAFLERELGWKVRRL
58,3,10,0.9643917198472796,0.8417211174964905,0.779609739780426,5.942361757159233,1.0942261219024658,AEGTLITVKGPEDVDDVAAKVRAEMAKGAEAVVIKAAGNREGLLELAKKLKGENFAASLPTSLVSLELAKELKEAGVKYFIVEVTPEDVEKLPEVVRMLMEEVGFEEVLLQFGDESTIEEQARKVAELLKEIKGVKITRDPSMTAAREEFEKALAFLEKELGYKLYTL
59,3,11,0.9987327386695857,0.8238856792449951,0.7585867643356323,6.8354461789131165,1.7284153699874878,SMGPRISIRSPEDVDAVAAEVRAHIAAGVEAVVLSAGGNLEGLLEVAERLRGEPVVVELDAEQVSLEVARKLKEAGVKALMVLVTPEHVEQLPELVRMLLEEVGFEEVLLAFSEPETILEQARRVAELLKDLKGLRVTRLPSMTEARKEFEEALALLEKELGWKERVL
60,3,12,1.0049643367817696,0.840732216835022,0.7441282868385315,6.3778611570596695,1.2941690683364868,HMGPLLTVKGEADVDAVAAQVRALLAAGVPAVVVRGGGNLAALRALARAVRGAPVVVELPTELVTLELARELKEAGVAHLAVGLTPENIERLPEVARMLMEEVGFEEVLLRFEEEEKIAEVAEKAAALLKDLKGLRMMRRPEMTSAQEAFDKALAYLEETLGFKLREL
61,3,13,0.9251192835983743,0.770073652267456,0.6825731992721558,10.191274464130402,8.819161415100098,MMGTEVTVKGPEDVDEVAEKVRAEMEAGEEAVVVRAGGDVEALLLLAEKVKGLPFVAELDASLVSLELARKLKEAGVKHFIVRVTKEDVEKLPEIVRMLLEDVGFEEVLLAFGEEEYIEEEAEKVAELLKDIKGLRLMRRRDMKEAEEKYKEALKYLEEKLGFKEKVL
62,3,14,0.9776702598485826,0.7747496366500854,0.660728931427002,9.279079288244247,2.4096121788024902,SMGPEITVRGPADVAAAAAEVRALMAAGVPAVVVRGGGALDALLALAEALRGEPFAVELPTSLVSLDLARALKAAGVSHIIVRATPEDIERLPEVVRTLLEDVGFEEVLITFAEEETIMEVAEKIAELLKDIEGLRLMRRASMTAARETFAEALKLLEERLGFKLLTL
63,3,15,0.9550365955399513,0.8244073987007141,0.750075101852417,6.365432307124138,1.763838529586792,MMGPLVRVRGPADVDAVAARVRAHMAAGVDAVVVRGGGAVEALLALAERVRGEPVAVELPTELVSEELARALKEAGVKHLIVGATPKDIEKLPEVARMLLEGIGFEEVLIRFESEDKIMEIAKAIAELLKDLKGLKLVWRPEMTEAREKFEEALKFLKEKLGWELFLI
64,4,0,1.1274602590788132,0.8263126611709595,0.7224915027618408,7.4378301203250885,2.6997177600860596,GSSLSFQEILDSIGLTEEFKEREKSPEAKEIIKYIEEIAKIDIEKAKELMDYYKESEDLKEVKEKAKIEKYKLLVKELLERLFKVLEEAEEKFGVDKEFVERLKELAEQAANLLLNQKDPVYEDKLRELERLVKKLEELNKKEEEKEEVRKQLEELGKLLEELIKELE
65,4,1,1.1465279198057043,0.7903735041618347,0.657985270023346,8.306934982538223,2.471581220626831,GSGKSFEEILEEIGLTKEFEEAESSEESKEIIEYIKEIAKIDIEKAKELMKLYKSSKDKEEVKEKALLEKYKLEVQEILKRAKKVLKEAAEKFGIAEEEVKELEELLEQAANLFLKEKEPKYIQEVEEIKRLVDELEELVKIEEKKEEVKRQLERLKSLLEEFINKAK
66,4,2,1.1356066613713462,0.9096025824546814,0.824984610080719,4.815810263156891,2.2467641830444336,ESPLSFEELLNEIGVDEEFEKNSGSEDRRKILEAIKEVAKLDLEEAKKLMDYFKSSKDDKEVQKYAELVLYRLRVRELLERGKKVLKEAKEKFGIPEEEVKELEELLERAAELLLAQEEPVYSEELQQLEELIRELEELVEEKEKREEVKKKLEELKELLEKLIEKLE
67,4,3,1.1209020967859398,0.952792763710022,0.8620584607124329,3.4409875720739365,1.6160513162612915,SSPKSFEERLEEIGLTEEFREKSKSEKEKEILKAIEEVAKLDFEKAKELMKYFLESKDKEEVKKQAILARYRLRVEELLERGLEVLERAEREFGVPRERVEELRRLLEEAAELLLAQKEPVSEEDLRELEELVEELEELVEVPEAKQEVLETLERLEEHLRRLIEKLS
68,4,4,1.158275763435262,0.8753190636634827,0.7864958047866821,6.166511118412018,2.059497594833374,GSMLSFEELLDEVGLTEEEKRKLKSKKEREILKYIEEIAKLDLEKAKELMELRRKSKDLEEVRRKVLQEYLKLKVRELEKRGKRALREAERKFGIPREKVERLEKLLEKASELLLEQEEPVYEDELEKLEELIRELEKLIEDESAKEEVEKKLEELEKLLEELIKKLE
69,4,5,1.1011042368962882,0.8118016123771667,0.6832749843597412,7.944025129079819,10.29249095916748,DSGASLEEKLNEVGLTDEEKEKLKSEEKKKIIDYIEEIAKIDLDKAKELMDLLKKSKDLKEVKEKAEKEYMKLRVKEIKKRAFEVLDKAEEKFGIEKEEVEELKKLFEEAAELLLAQEKPVYKEKLEKLEELVKKLEELVKREDKKEEVKKTLEELKELLEKLIKEMR
70,4,6,1.1162740099244601,0.8683324456214905,0.7648001909255981,6.43849441409111,1.7328177690505981,RSGKSLEELLEEVGLSKEFEEESKSPEAKEILDYIKEIAKLDFEKAKELMELYRKSKNLEEVKKKAKQELLKLRVKKLEERALKVLDKAEEKFGIPKATVEKLKENFRRFSDLLLKQEEPVYEELVRKLEELVSKLEELVKEESKKEEVKKQLEELNELLLEGIEKLE
71,4,7,1.0614548882813388,0.8683937191963196,0.8064519166946411,6.1143109649419785,3.002751350402832,GPSKSLEELLDEVGLTEELKKKAKSKEAQEILEYIEEVAKLDLEKAKELMDYFKKSKDLEEVKKLAEKEEYKLRVEELLRRAEEVLRKAEEKFGIPREKVERLRQLFREAAEGLLNQEETEYREELEELERLVEELEELVEEEEKKEEVFEKLEELERHLEALIEKLR
72,4,8,1.1996646119188445,0.7952520847320557,0.6599197387695312,9.422034621238708,3.03110671043396,MSSASFQELLDEVGLTEEAEQYWKSPDNRAILEYIKEIAKLDLDKAKELMDLLLSSPDLEKVRKEAELEKLKLLVEKLEKEANEVLDKLEKKFGISKSEIEELKKNFKEFSELLLKEKEPKYKKLVKELEELVKKLKELEKEKEKKEEAKKILNELNELLLNGIQKLK
73,4,9,1.1419969905552425,0.9591359496116638,0.8904122710227966,3.1356792896986008,1.2835986614227295,SSSKSFEEILEEIGVTEEEEKKLKSPRAKEILEYIKEIAKLDIEKAKKLMELLKKSKDLEKVREEARKELLRLRVRQLRREAEEVLEEVQKKFGVPKSEVENLRELFTRTAEGLLAQEEPVYEEEVEKLEALVRELAELAKEPSKKEEVREKLRELQRLLEEVNQKLS
74,4,10,1.1188891215825654,0.9375996589660645,0.8395901918411255,3.8325005024671555,2.4751689434051514,GSPLSFEEKLESIGLSKEFEEKEKSPEMQKIIERIKKVAKLDLEKAKELMELLKTSKDLKEVEEQAKREEMKLEVEELLERGKKVLEEAEKKFGIEKKEVEDLKKLLEETAEKLLEEKETKYEKKLKELKKLIEKLEKLLKEESKKEEVREKLKELGRFLKKLIEELS
75,4,11,1.083664767069189,0.7590761184692383,0.6696285009384155,8.73621580004692,2.6275906562805176,KSPLSFEELLAEVGVTEKLQKELKTPDAKEILKYIKEVAKLDFEKAKELMDLLRKSKDLKEVKKKAELELYKLRVQKLERRARKVLEEAKKKFGVEEEEVERLKKLFEEAAKLLLSEEETKYKKEIEEIEKLVEKLEELVKEEEKKEEVKEALKELEELLKELIEKLK
76,4,12,1.0884749305984038,0.8821079134941101,0.8149092793464661,6.054984524846077,1.7682443857192993,GPMKSFEELLNEVGLSEEFKEKEKSEKMKKTIEYIEEIAKLDLEEAKRLMKKLRESKNLEEVEEEARKALYRLRVRELLKRGREVLRELRERFGVPEEEVREAERLLEETAELLLAQEEPVYEEELARLEELVDELAALARDDSAVEEARAQLERLRRLAEELIERLR
77,4,13,1.1409402661942945,0.8105473518371582,0.7073084115982056,8.313387304544449,2.203787326812744,GSGLSYKEKLDLVGLSEEFEKEKKSPSAQKIIKYIKEIAKLDLEEAKKLMEELRKSKNLKEVEELAEKRYYRLKVKELLERLKEVLKKAKEEFGIEQEEVDELLDLAERAAKLLLDSEEPKYKEELEKLEELVKELEELLKKKEKKEEVKRKLKELKKLLEELIEEAE
78,4,14,1.1527859047699522,0.815658450126648,0.6913266777992249,8.131766080856323,2.9803714752197266,GSGLSFKERLEEIGLSEEEKKKLKSPDNKEILKHIEEIAKLDFEKAKELMELLRQSKDSKEVKKKAEIEEYKLRVKKIAEEANKVLDRAKEKFGIPESVVEEAKSLFSKAAEKFLNEKEPKYKEEIKELEKLVKELKELVEDESAVEEVRQQLAKLKELLEKIIEKLE
79,4,15,1.1411284271924091,0.8822541236877441,0.7861278057098389,6.071167066693306,1.56509268283844,GSKLSFQEILDEIGLTEEFEKKEKSEEAKEIIKYIKEVAKLDIEKAKELMDYFKKSKDLKEAKKKAKIEYYKLRVKSIEERALKVLKEAKEKFGISQEKVEKLESLLKKASDLFLSQKETKYEEKVDELENLVKKLEKLNEDLSKKKEVEEILEELESKLEEIINELK
80,5,0,1.1239471116897721,0.8202387690544128,0.6514228582382202,8.89176720380783,19.045591354370117,KAEEEAKEKLRKELEELLKDPEKKKEVEELLEREKRIEELEKKYKEELEKKKRKATQEEIEAVRALAGPEVRVFLEGTSMSLAELELVREMVRLANEISRTTGAKVAVLHVPLERLKELVKKELEEAKKKGEKLAFVVLTKKHRDIAVEITKESGVLVTDLLTGESRV
81,5,1,1.0307105699650145,0.9206492900848389,0.6909309029579163,7.581908881664276,14.566946983337402,KEAEEEKKKKEKELEELLKDPEKREEVEKLIEKEKEIEALEEEFRRREEELAEPVSEAELQALRARAGPEVRLYLEGTSMTRQQLELAEEAVELARELARETGWEVVVLMVPLEELKKVVEEELKRAKEKGKKLAFVVLTREQKEIVEEITKEEGVLVADLLTGEIRE
82,5,2,1.0604590698888914,0.8815184831619263,0.6814852952957153,8.707583159208298,15.054685592651367,EEKKKALEEKKKKLEELLKDPELKDAVEKLLEEEKKIEEKEKEYNEKLKKKNKLATEEEIEELRKKAGPEVTLELEGTKMTEQEIEEVKRMVELANRLAKETGEKVVVLAVPEEELEEAVKRAIEEAKKKGEKLSFVVPTRRHAEIAYEIAKESGVLVSDLLTGETRR
83,5,3,1.1185623062995702,0.8786615133285522,0.6940358877182007,8.072557896375656,15.277274131774902,DEKRREEEARRRELERLLAIPELREEVERELREEEEIRRLEEQYRAMEAQLGAPATPAELEALRAAAGPEVRLFLEGETMSRAELLLAREAVERARRLSRETGWRVVVLAVSLEELEEHVRAAVEEARRQGEKLAFVLLTREQAELAVELLRDSGALVSDLLTGESRR
84,5,4,1.0668853724715988,0.8292149305343628,0.609370768070221,9.6215318441391,14.85064697265625,MEREKKLLEENKKLEELLKDPEKKEEVEKYLEERKKIEEILEEYEKKLAELAAPVTEEELAALRAQAAPEVEVRLEGTRMTRAELELAREMVKLATEMAKKTGAKVVVLMVPEEELEKYVKEALKRAKEKGEKLMFVVLTEEQKKIAMEILKDSGARVADLLTGEVTE
85,5,5,1.1037798363590583,0.8939686417579651,0.7055060267448425,7.681387260556221,15.759025573730469,DKKKEEKKKLLEELKKKLENPEEREKVEKAIAESKKIEEILKEYEENLKKLNEKVTEEEIEEVRAKAGPEVEVYLEGTEMTKKELELVKEAVELAKQISEETGWDVVVINVSKEKLEEVVKEEIERAKKEGRKLAFVVLTYEHQKIALEIAKDEGVMVADLLTGEIQT
86,5,6,1.079398841222449,0.911109447479248,0.7046221494674683,7.861252665519714,16.019044876098633,SRREAERRREMERLRELLADPERRAEVERLLREEEEIARREEEYRERLEKLSRPATQEEIEELKEKAGPQVTVEIEGTSMSRAELELGLKAVELANEIAKETGKEVVVIMVPPEKLEEVVRKHIEEAKKKGKELAFVVLTREHAEIAYEIAKDEGVEVADLLTGERRR
87,5,7,1.0346661234723002,0.8293456435203552,0.5426272749900818,12.656680464744568,18.54722785949707,MEEEKEREEKEKELEKLLKDPEKREEVLEELKRRREEEEILRRFREEERRLAEKATEEEIAALREKAAEEVKLYIKGTEMTKAELRLAFEAVEKAKEIAKETGEKVVVIFVPKEELEKVIKEEVEKAKEKGEKLSFVVLTREHAEIAFEILKEEGVLVSDLLTGETRK
88,5,8,1.0774096261423403,0.8406746983528137,0.6261770725250244,9.433557152748108,16.337045669555664,SAREAAARAARARMAELLADPAARAAVEAALARAAERAARLAAYEEKRKELSRKATPEEIEALKKEAGPEVKLYLEGTEMTLQELELAREGVELAKELAKKTGAKVAVIWVPEEELKEVVKKLIEEAKKKGEKLSFVVPTARHRDIALEIAKDSGVEVADLLTGEIRK
89,5,9,1.1013145403547053,0.8402400016784668,0.6306676864624023,9.721757173538208,18.189016342163086,SARKAERERELKELAKRLKDPEMAEEVRKKLEEERAIREKEEEYRKRLKEKSELATKEEIEELKAMAGEEVSVYIEGEKMTRAELEEAKKMVEEAKRLSEETGWKVHVIMVPDEEAEKVVKEAIERAKKAGEKLAFVFLTREQADIAYEIAKDSGVLVADLLTGEKRT
90,5,10,1.1134890535449653,0.5522844791412354,0.27364838123321533,20.028916597366333,13.124595642089844,MEKKKEEEELEKQLEELLKDEKKKQEVEEYLKERKKREERLKEFKERQKELAEPVTEEELEEVRKLAGPEVELRIEGTSMTRQELEEVKRMVELAKKLSEETGWKTVVLNVPLEELEVAVREALERAKKEGVKLSFVVPTAAAADLAAAILKESGALVADLLTGEIRQ
91,5,11,1.0974186663084384,0.6534812450408936,0.40620261430740356,16.846731901168823,9.923955917358398,KEKQEEREKLKELLEELLKDPKLREEVEKLLEEEKKREEIERKFEEMLKKLSRKATQEELEEIRKLADEKVTLELKGTEMTMAELELVKEAVEFAKELSEKTGEKVVVLFVDPEELEKVVKRKIAEAKEKGEELSFVVLTKEQAEIAKEIAKEEGVTVADLLTGEISR
92,5,12,1.0986245472128482,0.8706046342849731,0.6392641067504883,8.72692996263504,15.536811828613281,AAREEAARARAAELAELLKDPAKAAAVEALLARRAREEALEREFEERLKKQARPVTQEELDEVRALAGPEVELFLEGTSMTLAELEEARRAVELANELSRETGAEVAVLWVPKEKLEEVVKEQLEKAKKEGKKIMFVVPTREHAEIAKEILKDSGAIVADLLTGEIKT
93,5,13,1.0361986298916435,0.7574822902679443,0.5138053894042969,12.088368922472,23.205320358276367,KEKEEKEKEELEELKKLLEKEEYREEVEKKLEREKEEKRLLEEYQERLRKLAERATEEELAELRALAGEKVRLYMEGTSMTRAELELGRRAVELARELSEKTGWEVAVLMVPDEKLEEIVKELIEEAKKKGKKLAFVVLTREQKEIAVEITKESGVLVADLLTGEVVE
94,5,14,1.1497949349586085,0.8621112704277039,0.7081702947616577,7.5394606590271,14.06190299987793,SAQAEKAKQFMEQMEELLKIPEQKDKVEKMLADAKKEQEKLEAFKKEEEKLNEKVTQEELEEVRSLAGPEVKLFLEGTSMTRQELLLVKQAVEEAKRLAKETGWKVVVLHVPLEELEKVVKEELERAKKEGEKLAFVVLTREQRDLAVSILKESGALVSDLLTGVTVR
95,5,15,1.1033155440272655,0.9048383235931396,0.7012686729431152,7.758832216262817,19.490978240966797,MEKEAEELERLKEMEKLLADPATAEEVKAELERREREKRLLDEFKEREKELSEKVTKEEIEEIKSKAGPEVELYIEGEDMTKAEAELVKEMVEKANEISKETGERVVVANVSREKLEEVVKKALKKAKEEGKKLSFVVLTREQQEIAEKILKDSGATVTSLLTGETRT
96,6,0,1.0572797431469028,0.8888925313949585,0.8324134349822998,4.232146739959717,1.4483442306518555,SLDVELFAKVLEIAEEAAARGNEVTVIAVGVDKSLIDEAIELAREAGYEIRARIEYDEEGDELMRKGDVLGAARRLLEKLKKLAREIPGLAIIVVTGTEELPEETLELLRSGMEEIREETGNLAYFISGQLKDKSSKKEFEEKLKELREELETLPPSTPILVAILARP
97,6,1,1.067202447007438,0.798891544342041,0.7516407370567322,6.22049942612648,1.975692629814148,NLNVRRLADVLVIAEAAARRGHSVTVITVGASPELVEKALELARERGYEPVFEVLTDEEGDELVRKGDLLGAARRLLERLEELAREQPGLAVIVVTGTSKLPEETLKLLEEGMRRIREETGHKAYFISGELTRPESEKEFEEKLEEIERELKTLPASTPILLAILERP
98,6,2,1.0809367707331439,0.9022713303565979,0.8472660779953003,3.882119357585907,1.3512606620788574,DEDIELFAEVIEIAEEAAKLGNEVEIITVGMSKETIEKAIELAKEKGYEIRSKIIELEEGSELMKKGEILKAAKLTLEYLKKKAKEIKGVAVIVVTGTEKMPQETLDLLREGMKEIQEETGNLAFFISGELTDEQSKEKFLKELEELREKLKTLPKETKILLALIKRP
99,6,3,1.067693768005595,0.8019297122955322,0.7525454759597778,6.05815663933754,1.827795386314392,SLDVELFAKVLALAEAAAERGHRVTVLFYGVSEELVEKAIRLLREMGYEPRFELRYNEEANKLIKEGNYLEAAKLMLEELERRAREEPGLTVIIFTGTRKMPEETLKLLKEAMERIRKEYGHLAHFLSGELRSPESLEEFLEELERLGEELRTLPPETPILLAILEKP
100,6,4,1.0625728695420034,0.7787802815437317,0.7136504650115967,6.955839172005653,2.31866717338562,MRDVRALARVLVLAEEAAKQGHKVTVLTVGASEETVEEALEEARREGYEPRFELRRDERGDRLVAEGRILEAAELLLERLREEAEKIKGLVIIVVTGTTPLPEETLELLRRGMEEIREKYGHKAYFIDMSLRDESSEKRFEELLEEIRKELKTFPKDTEILLAILLRP
101,6,5,1.1071396570525895,0.8294367790222168,0.7404828071594238,5.490144893527031,1.785884141921997,KLDVELFTEVLNLALELAERGHSVKVLFVGVSEKLLEEAIKRAEENGYEIKAEIEFLEEGTKLMKEGKILEAAELALEKLRELAAKEPGLVIVVVTGTKPLPEETLELLEQAMQQIAEEYGHLAYFLSGELRDPESKKRFLEELERLRQELETLPADTPLLVLILNLP
102,6,6,1.0618739110628221,0.8268746137619019,0.7520716786384583,5.651581361889839,1.4607723951339722,NLTVENLTRVLAIALAAAERGHPVTIIAAGVSDELIKKAIEKAKELGYEVKAEIIYDEEANKLLKEGNILEAAKLMLERLERLARETPGLVVIVLTGSTPFPEETLELLEEGMRRLAEETGHLAYFLSMEIRDESSIERFNAELKRLEAELATLPADAPLLVAILTLP
103,6,7,1.0475008428537627,0.8806053400039673,0.8193194270133972,4.413618758320808,1.4756850004196167,SMDVENLARVLALAEAAARRGHRVTILVVGASDELIKKALELLRERGYEPRAEIRYLEEGNRLMREGRVLEAAKLLLEKFRELAEKEPGLVVIVVTGTRPLPEETLELLENGMKEIREKYGHLAYFISGELRDPSSREKFEAELERLEAELRTLPPETPIYLGILVLP
104,6,8,1.0398825630813613,0.9269038438796997,0.8619703054428101,3.31904224306345,0.932032585144043,DRDIELFAKVLEIAEAAAERGHSVTVVTVGMDEETLEKVIERAREAGREVRAEIVRDEEGDRLLREGRVLEAAELMLRRFERLAREIPGLAVIVLTGTTPWPEETLRLLKEGMERIGRETGHLARFISGELKNPESEAAFEAELAALEAELKTLAPDTPIVLGLLTLP
105,6,9,1.0200251284823063,0.8632553219795227,0.8070025444030762,4.702569887042046,1.9421424865722656,DLDVEQLTKVLNIALKAAEKGNKVTVIAVGVSKELIENAIEKAKEEGFEIKADIIYDEKGNELIKEGKILEAAKHLLEILEEKAKKIKGLVIIIVTGTEKMPEETLELLKEGMKKIEEEYGNKAYFLSGEIRHPESIKEFEEELKKIEEDLEKLKKDTPILLAILVKP
106,6,10,1.0822290379708126,0.8357946276664734,0.780129611492157,4.999512508511543,1.0906506776809692,DLTVELLARVLEIAFRAAERGNKVTVIFVGAPEELLERAIELAREKGFEPKARFEYDEEGNRLVREGNFLEAAQHLLEILEKKAKEEKGLVVIVLTGTEPLPQEVLDLLREGMERLRREYGNLAYFLSGELRDARSRAEFERKLREIEEELEKLSPESKILVAVLVRP
107,6,11,1.1105841664557212,0.8342562913894653,0.7840626239776611,5.549852892756462,0.9342267513275146,DLDVELLTDVLNIALEAHDQGNEVTVIAVGVSKSLIDEVIEKAKERGFEPKFKLEYDEEGNELIKKGNYLEAAEHLLEKLREIARKIPGVTVIVVTGTKPWPQETLDLLKDGMREIAQDFGNKAYFLSGELKDPNSEQEFLEKLKELREELRTLPPSTPIVLAILIPP
108,6,12,1.0418463679563457,0.8116400241851807,0.7578693628311157,6.160906448960304,2.180055618286133,ELDVERLAKALILAEKAHDMGNEVEVIAVGVSEELLEKAIKKAEEAGYEPKFEFRYDEEGNRLIREGDLLGAAERLLKKLEEEAKKNKGVTVIVLTGTTPWPEETLELLKEGMERIEKEFGNKAYFLSGELRDEKSKERFEKELKEIDEELKKLPSSTKILLAILVRP
109,6,13,1.0906666461172616,0.9162376523017883,0.8458265066146851,3.642187260091305,0.9197298884391785,DYDVEAFADVFALAEEAAERGMDVTVLAVGVSESLIEEVLKRAEERGYRPRARIERLEEGSQLLRAGRYLEAAEHLLERLRELARERPGLAVLVVTGSTPWPEEVLELLKRGMEEIERETGNLAWFLSGELRSPDSKQRFKEELERLREALATLPASTPLLVALLAPP
110,6,14,1.044295314016369,0.8480688333511353,0.8198202252388,4.504337444901466,1.1616997718811035,NLTVELFAEVLVLAEKAHERGHKVTVILVGVSDELLDEALKKAEEKGYEPKFEIEYDEEGNELVRKGDFLGAAEKLLEKLKKKAEEEKGLVIIVVTGTTPMPEEVLKLLEEGMSEIEKETGHLARFISGELRNEESKDRFLKELKELEEELEKLKPETKILLAILEPP
111,6,15,1.0389645036933288,0.9099776148796082,0.846640408039093,3.8214235082268715,0.7042543292045593,EDDIENLTKVLVIVSKAAEQGNEATVIAAGVSKELLDKAIEKMKELGYEPKFKFEYDEEANELIKKGKILEAAERLLEKLRELAEKEKGLTVIVVTGTKKWPEETLELLEKGMEEIRKKFGNKAYFLSMELKDPSSKQEFQEKLEEIEKELKTLPKDTKILLAILNEP
112,7,0,1.0452068667857572,0.6474357843399048,0.4992826581001282,11.37992724776268,4.425014972686768,MEKKVVIETGSGFEKIAVEAIDKDESLKAVVAFFDGTGEEEKDIERTRRVLEEAVKLAEELGGVKVIVISLNGRVLELLKEFEEELKKKGIEIEIATYPSTKDKEKLEENLEKAYEVLSRETGLSRAEIRKMSLRERLALLIELQFKSGFKYAQLVNEWAEYMLYSKS
113,7,1,1.0854630613763026,0.676659107208252,0.5195587873458862,10.497814267873764,4.049816131591797,MEKKVVYEGDSGYGGIVEAALAKDKSLQAVVAAVDLTGSEEEDEKRTRRVMEEARRLAKELGGVPVHLIALNSRVIKLLEELKEEWEKEGLKVEIHTTEGSTDEKTLEEKLEEAIDLISRVTGLSREEVLKMSLRERLALLIDLFFESGFKYIGIVVQMYEYILASGD
114,7,2,1.1266371136570195,0.619657039642334,0.4543629586696625,13.667088776826859,4.41210412979126,MEKKVVIKTHSGFGEIVERALNEDESLKAVVAAVDLSGSPESDREMALEVMEKAVEEAEKLGGVPVHLIALNGRVLELFEELKEKWEERGLKVEVHTKPGSQDEEELREKLREVEATISERTGLSRAEVLRLSSRERLALLLRLDMETGFAYSQLVVEWYEYMLRSGE
115,7,3,1.1272525196401413,0.6701872944831848,0.456041157245636,14.720459908246994,15.4638032913208,MEKVVFIETGSGFEEIMRKAAAEDKSLKEVLAFFSGEGEPEEDRERFLEVAERALEKARELGGVRVTLVTLDGRMLDTAEELVAKARERGEKVVNTNTPASTDEAALAEAEKEVYAVLSKETGLSLATIRKLSMRERLEMLVRLMFETGFKYAPLVTQWYAVMKAKKE
116,7,4,1.0865687878510442,0.6700356602668762,0.3945460915565491,15.277742266654968,12.84121036529541,MKKKVFIKTHSGFGEIAEEAINEDESLERVVAFTDTAGPKEEDEKLTREVINEAIEEAEKLGGVKVDLIALNGDVLELLKKIKAEAEKKGLKITIHTTASVRDREELERHLEEVEALLERETGLSRAEIRRLSLRERFGLLLKLFFKSGFKYASLLVQWSEYMRWSGR
117,7,5,1.0376076375270593,0.7557410597801208,0.6458232402801514,7.966955631971359,2.340336799621582,MEKKVVIRTGSGFEEIMKKAIEKDKSLKAVVAAVDNTGSPEEDRKITLEVMEEALKLAEELGGVEVILISTNSSVLDLLEEYKKEAEKRGYKVKIATVPGSTDEEKLKEDYEKVIETLSRETGLSKEEIKKLSLRKQFELLFELMVKTGFKYMELLNQWYEYMLFSGE
118,7,6,1.0686392422927675,0.7198874950408936,0.6355849504470825,8.614403277635574,2.5719058513641357,MEKEVFIRTHFGYEDVFREAIEKDKSLKKVVAFVGLAGSPEDDERMAREVMEEALEKARELGGVPVVLIALHGRVLDLFKEFVEEARKEGYEVELATYPGSTDKESLEEKLEEAKELLSEKTGLSLAEIDKLSLEERLRLLIELMFESGFKYAQLVVEMYEYMLAKDD
119,7,7,1.0583057265897045,0.8024992942810059,0.7007896304130554,6.909209504723549,2.9272782802581787,MEKKIIVEGDSGLEEIFKEAANADKSLKAVLALFDGTGSDEEDEEKARRVMEEAAELAEELGGVEVHLVASNGRVLDLLEEFKEEAEKKGLKVTIWTTPSTTDSAALAAKEAEVKRVLSEETGLSLAEIDALSKRERFGLLVKLAFKSGFAYMQLVTEWYAVVLASGG
120,7,8,1.1264587753624473,0.5631150603294373,0.33470016717910767,15.982083797454834,7.443315029144287,MEKQVVAETDGGYEEIVREAIARDESLEEVVAFTEGTGAKEEDEEKTKRVMEEAAKLAEELGGVKVRLFSLHGSVLDLLEEMKEEWKKEGREVEITTKPSSNDEEELKKAEERARELLGERTGLSRAEIDEMSLRERLELLVRLMFESGFEYSEVVTQWYAYMLKSGK
121,7,9,1.0331205205731702,0.6421924829483032,0.4047761559486389,14.477465867996216,4.666837692260742,MKKKVFAEGDSGFEEMVKEAIEKDESLQAVVAAVDHTGEKERDEERTRKVMEEAIKEAEKLGGVKVYLLALDGRTLELLKEFEKEAKEKGYEVIITTKPSVTDEEELREKEEEVYELLEEETGLSRAEIRKLSKRERLELLLELNFKTGFKYAGLLTQWVAVMKASGE
122,7,10,1.0913790460203718,0.6796705722808838,0.5167748928070068,10.494193613529205,2.8583602905273438,MEKKVIIETDSGFEEIAKEAFEKDKSLKAVVAFFDGRGPAEVDRERFRRVAEEAVEEAKRLGGVEVILISLDGSVLEEAEEFKREWEKEGLKVTITTRPASTDAEQLEQDEIKAIDTLGEKTGLSRGEIYKLSGRERLKLLLDLMVESGFAYAGLLIQMSAVMQAKGS
123,7,11,1.0586512319202181,0.6278311014175415,0.36990606784820557,15.679992437362671,12.468738555908203,MEKKIVIKTHTGFEEIIEKAANEREDLKRVVAAFGGAGSKEEDEKLALEVIDEAVELARELGGVEVDLIALDGRVLDLLEEYKRKLEKEGVKVTIHTKKSSTDEEELQKALEEAKELLSRETGLSLEEVDKLSLKEQLELLLKLMFKTGYKYSGILTQWAEYMKHSGE
124,7,12,1.0822937747351544,0.7118790745735168,0.5959581136703491,9.168086230754852,3.4502952098846436,AEKKVVIKTDSGFEEIARKAIDKDKKLKAVVAFFDGTGSKEEDEKKFLEVADEAAKLAKELGGVPVILVSLNGSVLELIDEYVEQWKKEGLKVTNTTVPSVKDEEKLKEKEEEVRAVLSEKTGLSLAEVNALSLRERFALLLDLMFESGFKYMGLVVQWYEYMLRSGE
125,7,13,1.0804655829333578,0.6093822717666626,0.4481809437274933,13.370461195707321,9.385381698608398,MEKRVVYRGHTGFGKAAREAAEADESLRAVLAFFEAAGAPEEDRAATLEVLDEAVALAEELGGVPVYAFALDSSVLDLLEEARARWRAEGRRVTLTTVPGSTDEEELERKLEEVEEELSKRTGLSRAEVRKLSLEERLRLLLRFAFETGFKYMGLVVQMYRYMKASKE
126,7,14,1.1291887194044368,0.7218937873840332,0.5530011653900146,9.614806056022644,3.5936055183410645,MELQLFIEGHSGLESAVEEAFKEDKSLKEVVAFVDLTGPREEDEALTRRVMEEALAAAEAAGGVKVRLVALDGSVLDLMEAFKAEAEARGYEVEIATVPSVTDAEQLEKALEEARKLLSERTGLSLGEINRLSGEERLKLLIKLMFESGFKYAGLVVQMAAYMRASGG
127,7,15,1.0904591559182502,0.6302084922790527,0.4111049175262451,14.45992985367775,4.379607200622559,MEKQVVIRTHSGFESIVKEAIEKDKSLQAVVAVYDGRGAPEEDRRRALEVLEEAVELAKKLGGVPVHILALDGRLLDLFEEFKAEWEKKGLKVTINVKPGVTDEEKLKEKLEEAYKLLSEKTGLSLEEIRELSLRTRLELLIELNFESGFKYAQIVIQWVEYMKASGE
128,8,0,1.1816422933718822,0.9599970579147339,0.9077539443969727,2.7264093086123466,0.5439085364341736,SEEEWELLKLALEHLVEKTERTLEEILKEIKFGEPLSPEVEKLLEELRKKAEEHLERLKKLLEKGPKYRWEALEELIEYIRLQLKYAVVEYLANEGPKSKIDEVVSLFEKGASGIREAKELIEKVEPKTPLVEKILTKMDEVAKLEEMLENREELFEYFVELGRKLRE
129,8,1,1.1463039949563578,0.9409016370773315,0.8794063329696655,3.114461414515972,1.0733479261398315,EEEKWELLKVGLQYLLEKSERELEKILREIPFGRPLSPEVQELIEELERKAKEYKERLERLLKEGPKNMMEALKATVEYLRLRDALAVLRYLAQFGPESLIPEVLRLFEEGARGVERARELLRRVLPRTPLVERILRRLEELAELERLLEDEEKMLEMMIKLGREILE
130,8,2,1.1656460426940936,0.9212589263916016,0.8752135038375854,3.61838161945343,1.1828935146331787,MEEEFELLKLAVKKLIEEWEKLLEEIEKKIKYGKPLSKEIQKTLEDLKKKAEKYLKETEELLKKGPKYMEEVLKALVEYLNLLLKYAVVLYLAYEGPESLIEEVLKLFEKGAEGVEEALELLKKELPETELVKLLLKKMEELAELLKLLENIEEMKNYFIELGKKELE
131,8,3,1.1306356399844484,0.9304744601249695,0.8832598924636841,3.4892176166176796,0.7932739853858948,DEEEWKLLKTAINHRIEKVDKELKEILDMIPFGKPLSPEIQRLLDELKAKAEAYLKKTKELLEKGPEFEEEALEEEVKYIRAKAAYAVLSYLANIGPEELIEEVLSLFEEGAEGVEKAKELLEKELPETPLVKKILKFLEEVAKLEELLEKKEELKEYYIKLGKKLLE
132,8,4,1.185628515065456,0.9307153820991516,0.8733008503913879,3.490908533334732,0.8789317607879639,EEKEWELLKTAILYEVEKTNKKLEEILKDIPFGKPLTKEQKELLEELKKQAEKYLKKLQELLEKGPVYKYEAIESLVKYQRLRLKYAALLYLENSGPSELIEEILELFEEGAEGIRKARELIKKHMPETPLVQKILEEMEELARKEELLKDKEAMLKYYIELGEKILA
133,8,5,1.1697842589814544,0.8930795192718506,0.8503398895263672,4.454691335558891,0.8342598676681519,MEEEYELLKLAIEKRIKETEERLKELEEAIEFGKPLSSEQQQLLEDLDKQAEEEKKKMEELLKKGPKYLYEAIESTVNFIRLRLQRAVLLYLSHVGDASKIPEILELFSKGAEGIEEAAELLERVEPKTPLVEKILEEIRKVAELERLLEKKEEMLKLLIEEGKEEKR
134,8,6,1.1671760245196805,0.9325598478317261,0.8937795162200928,3.425272971391678,0.8730745315551758,MEKEWELLKLALEHLIKETEERRNEIIDMIPFGRPLSREEEELIKELEKKAKEELEKLKELLKKGPKYEYDAIKSLVSYQRLQLQLAVALYLANIGDSSLIPKVLELFKKGAEGVKEAGKLIRETEPDTPLVQKILEEIDKLAELEELLKKPEEMKKHLIELGEELKK
135,8,7,1.1731785215359973,0.860069990158081,0.7803686857223511,4.771001085639,1.2510939836502075,TEEKYELVKLALKHLVEETEKTLEEILQMIRFGKPLSEEIQKKLKELEEEYEEYLRKMEELLEEGPKNIEKALEELIEYIRKKLAYAVLLYLAHEGNEELIPEVLELFEKGAEGIREALRLLEEVEPDTPLVRKILEYMRYVAELEELLEKKEEMLEFFIKLGKEIKK
136,8,8,1.1136316535331534,0.9387729167938232,0.8866968750953674,3.2400273978710175,0.8910455107688904,EKEEYELLKIGIEYLLEEHKSTLQAILEAIPFGRPLSPEEQELLEELERKAEEKEKKLKELLKKGPKYIYEAIEALVEYLRLMLKLAVLRYLAQFGPSELIPEVLELFEKGAEGIRKALELLRRVLPDTPLVRRILEEMERLAELEELLKEKEKMKEYLIELGRKILE
137,8,9,1.204308568162205,0.9411343932151794,0.8730759620666504,3.3713761270046234,0.7001056671142578,MEEDYELLKTGIKYLLDEFEAQEQAILDGIPFGRPLSEEQQKTLQELAEKAEEYKAKMEELIKKGPKYEWEALKALVKYQRLRLKLAVVRYLAHQGPSELIDEVLELFEKGAEGVAAALELLKRHLPDTPLVQRILARIEELAELERLLEEPEKMKQYYIELGRKILE
138,8,10,1.1319730002646242,0.9406813383102417,0.8838415145874023,3.1508885324001312,0.6853962540626526,MEKEWRLLKIGIEYEIERTDKLLEEIEAEIPFGRPLSKEEQELLERLKKEAEEKLEETKKLLEKGPVYMMEAIRALVDYIRLRLAYAVLLYLSHVGPSSLIPEVLRLFREGAEGVRRALELLRRVLPDTPLVRRILEALERVAELEELLREPERMKEYYIKLGEEILK
139,8,11,1.124241556594905,0.9300141930580139,0.8796091079711914,3.41111671179533,0.903620719909668,SMEDWELLKTGIEYLVEEFEKKKKEILDMIPFGKPLSKEEQELIKELEKEAEKKLEELKALLEKGPKYQWEAVEKLVEYLRKRAALVVVKYLSYFGPRELIDEVLELFKEGAEGVREALKLLKEVLPDTPIVKKILALLEEVAELEELVKKREEMYKWLIELGKELRA
140,8,12,1.244978652882479,0.9433227777481079,0.8727545142173767,3.2055450305342674,0.7569452524185181,EEEEWELLRLALEAEIREAERRRQEIIDMIPFGRPLSADEQALLDSLRAEAEDALAEMRRLLEAGPKHQWEAIEALVEYRRLLLAYAVVLYLSQTGPSHLIPRLLELLKEGAAGVEAALELLREEMPDTPLVRRILEELERLAELLRLLERGEEAREAYLALGRRLAA
141,8,13,1.1288924848521051,0.9572844505310059,0.9027432203292847,2.7554285898804665,0.654932975769043,TEEEWNLLSVAIQHLVAREEEELAELLAGIRFGRPLSPEQAQLLADLEAEAERHRRELEELLKRGPKYMEEALRALVEYLRLRTALAVVRYLAQEGPAELIPEVLALLEAGAAGVREAAELLRAREPDTPLVEKLLARLEELAELEELLEEPERMRERMIELGRELLK
142,8,14,1.2194741066883739,0.924354076385498,0.8752025961875916,3.6833074167370796,0.6855764985084534,EEEDYELLKKGIEYLLEETDKLLQEILNMIKFGRPFTPEIQALIERLEAEAKEHEKRLEELLKKGPKYMEEAIEALIEYLRLKTQLAVVRLLAEEGPEELIDQVVELFGKGAKGVREAYELLKSTLPDTPLVNKILNEILKLAKLEELLEKKEDMRKYLIELGKKILE
143,8,15,1.1031315526046657,0.9103937745094299,0.8431633710861206,3.880917862057686,0.6441606283187866,MEEEYELLKTGLKYLLEKFKREEEEILAAIPFGRPLSDEEQKLIDELKKEAEEKEKELEELLKLGPKYLEKAIEKLVEYIRLRAKYAVVLYLSHVGPAEYIPELLKLFEEGAEGIRKAAELLREVLPDTPLVRKILKLLEEVAELEELLEKKEEALEFFIKLGKEILE
144,9,0,1.0801802605102373,0.892738938331604,0.8248618245124817,4.818040028214455,1.6982090473175049,AAEEFKQNLVEKVPELKELVEKLLDAPVQDFPKYIREILEAATEEIRETVLKALIELLKALLEGKPVLAVDLEKIKEEAEKLKEEDKDYVTDELVEKEALARTKIKVLEESLKLLEEEVEKGASEEILKELEELKKLFEEYKKKVKEEIEEEKKKEKEKEKKEKLLKE
145,9,1,1.1145937831941113,0.6751603484153748,0.33136460185050964,18.090974986553192,24.754310607910156,SAAELKDRLVEEVPSLRPLVRELLDAPVEEIPGYIRRILEATTEEERETVLKVLSRLLQALLEGKPLNEVDEKKLEKVAEEIKKEDKNYVTEELVKKKAKVKTLLDVLSESISLLEEEVKKGSSKEILELLEELKKKFEEAKKKLTEELEEAERKAREEEERRRREEE
146,9,2,1.157714675732584,0.8742967844009399,0.8088057041168213,5.516900688409805,1.6356912851333618,MAEKLKEELVEKVPELKELVKELLESPVQRIPDYIKKILEATSEENKETVLLALIELLKLLLKGEPVNEIDEDEIKEKAAELKEKDKDYVSDELVFKKAEVNVKLETLERSIELLKAEVEKGASEEILKKLKELEELFEEAKKKELKELQEKIEAELKEKKAKEEALK
147,9,3,1.144713264600134,0.7406754493713379,0.6121567487716675,11.455367863178253,6.230742454528809,MAEELKEELIEAVPRLRELVRELLEAPVQKVPEYVRRILEATTEEDRETVLRVLIELLRALAEGLPLHEEDEKALESKAKALKEENKDYTSDEIVKERAKVEARLSVLEESLALVREEVEKGASEDVLEALKELEELFKERRERLEKELEEKEKKKLEEELERLLKAL
148,9,4,1.1420479287556224,0.7159609794616699,0.5872103571891785,11.981638610363007,4.36279821395874,SAEEFKKKLVEKVPKLKELVEKLLNSPVQDIPKYVKEILEKVTPEDKQTVLEVLIDLLTALLKGEPIAEFDEEKLEEVARELKEKEKDYPSEELVKEEARVKTFLEVMDRSLGLLEEEVRKGASPALLQKLEDLRELFEQAKERLREELEKKKEELREKEKAKKEEEE
149,9,5,1.0561251486244696,0.9125892519950867,0.8385305404663086,4.396536827087402,1.0173524618148804,AAAARKAALVDRLPALRPLVEALLDAPVQEVPEHVAAILAATSDAEREEALEVLLELLRALLRGEPLLAEDEAALEEEARRLEAEDPDYLSPELVRERARVRARLRVLEESLRLVEREASRGASPEILERLREVRRLFEEARERMERELREREEAERRRREEEERARR
150,9,6,1.1236136783842134,0.5387091636657715,0.3606208562850952,17.3347709774971,7.540586948394775,SAEKKKQALVDAVPSLREQVEALLNSPVQDVPGLVARILAAVTPEDRETVLKALIELLKLLLKGEPIVPFDEEKLKKVAEELKKKEKDWASDELVEKKAKVETFLKVLKESIELLEREARKGASEEILELLEELKELFKKAEEELSEKLKREEKEYEEEKRRREAEAR
151,9,7,1.2196688677034824,0.7174095511436462,0.5132836699485779,11.6110680103302,2.1059420108795166,QAEALKQALIDRVPALRPLMARLLDAPVQRFPELVAEILAATTEADRETVLEALIDLLRLLARGEPVLEVDHEELEERARKLKEQNKDYPTEELVFKEAEVMARIETLRRSLRLLEERAREGASPEILGRLEELKELLKQEEERLRSELDEEIKEEEKRKLEELLEKQ
152,9,8,1.0545545844176962,0.6767812967300415,0.48318958282470703,14.232971459627151,6.692728519439697,SAAEKREALAERVPSLRELVRELLEAPVQEFPALVEEILAKTTPADRETVLEVLIELLEALLRGEPLLSEDEAALRAVAEELKARDPDYATPELVEERARVETRLRTLEESLRLLRREVERGASPAILERLAALERLFEETRARLEEELAAREAAVRAEEAARAAAAA
153,9,9,1.1141969308126074,0.625093936920166,0.3283344805240631,18.18445974588394,16.652498245239258,SAEALKEELVERVAPLRELMEELLRSPVQELPGLIAKILAATTPADRETVASALIELLQLLARGEPIHPEDEAALAAVAEALRAADPDWPSDELVAERARVQTTLAVLEQSLALLRAVVEQGASPALLEQLAALEALLAAAKAEREAALAAAEAAARAAEAARAAAQA
154,9,10,1.056591805185141,0.8344739079475403,0.7726544141769409,7.032263711094856,1.4627282619476318,SAQALKEQLVQRLPALAPLVAALLAAPVQTFPEHVRAILAAVTPADRETALEVLIELLKRLIEGEPLLPLDRAALEAVAEELKKKDKNYLSDELVKRKAEVETKIKVLEESIKLLREEVSKGSSPAIQEKLKELEELFEKYKKEEKEKLKKEEEEEKKKKKEKEEKLK
155,9,11,1.1016341727458212,0.7112845778465271,0.3758639991283417,15.948382794857025,20.364166259765625,SVEEKKQKLIEEVPELKELVEELLNAPVQEFPKYVKEILEKTSKEIREKVLKALIELLKLLLRGEPILPEDEAALEAVAEALAAAEKDYLTEELLRERARVRAHLDVLEASLKLVKEEVEKGSSEEILKMLEELERLFEEARARRTEALAEAEAAARAARAAAAAAAA
156,9,12,1.1251184524121158,0.5624016523361206,0.3704967200756073,15.895694375038147,15.174755096435547,SAEEIKNALAERVPSLRDLVRELLDSPVQDVPGYIARILAAVTELDRETVLLALIELLRLLLEGRPVHPLDEAALQAVAEALRARRKDYPSEELVREEARVETLLEVLRESLALLRKEAEKGASEDVLRALAELEALFERARAERLEELERRRRELEAERRRKELEEK
157,9,13,1.2153083253371946,0.8883684873580933,0.7968834638595581,4.934523195028305,1.4775596857070923,PAEARRRALVDAVPALRPLVEALLASPVQEVPKYVAAILAATTPEDRETVLRVLLELLKDLLKGEPIHEFDEEELKEVAEKLKEKNPDYPTDELVEKEAKVISYISTLEESFALLAAAVEEGASPEVLAELEELRRLFEEAKKRLQEELKAEIERAEEKRREEELKRK
158,9,14,1.1202061349923627,0.794568657875061,0.6987372040748596,9.124347358942032,5.890602111816406,SAEAKKQRLVDEVPSLREAFEELLNAPVQRIPEYVRKILELTTEEDRETVLRALIELLKALLDGEPLHPFDEAALEAEAAALRAADKDWLTDELVRERARVKAFLGVLEESIALIEEEVKKGASEEILEALKELKEAFQEAKARAEAALEERAAAARAEEAARAAAAA
159,9,15,1.1354425298704647,0.674343466758728,0.31584107875823975,18.32243263721466,25.40726661682129,SAAEFKAALVDEVPELKELVEELLASPVQEVPKYIEKILKEATDEIKEKVALALIDLLKALLEGRPIHPIDRDKIKKVAEELKAKNKNYLTDELVEEEAEVKTKLEVLERSFELIKELVEKGSSEEVKKRLEELEKLFEERKREEEEKLKEKEEAAREEKRKIEEELK
160,10,0,1.0408226993379772,0.9035539031028748,0.8291283845901489,3.661154121160507,1.2032369375228882,SKENYEKLIEATKKMIERYQKEFKELGFGKLIVIYVEKKENWEEEFEKKFEEALEEAKKAVEAGEKAVILGLNLSDEEKRKLTERAEKLGVETLNEGALKREREIKELIEKAGSLSEIREEFEELLNEMGVSEEDKELLLEGLAQGEDITVSSLAGFYEIKELLEKEK
161,10,1,1.0669543159313126,0.5182589292526245,0.29768961668014526,17.396153032779694,19.417709350585938,SPADLPALKAAFEREVARYQAALAALGAGILEVLYVEKTPGWKERFEELLREVLARLAEAVAAGREAVLLTVNASKEQKEEVTRRAEALGVRSLNERALKVEEEIKKLLEEAGSIEKIEATLRELLEKMGVSPEDAALLLQGLEQGSSLVVSSLAALAVIRELLEELE
162,10,2,1.0931262152860575,0.9078298807144165,0.8540310263633728,3.90347558259964,1.1957054138183594,SSSRLPALEAAARREFARYQERAEKLGLGKLEVILVSREPGWEERFEKKFDEALEKLKKLVEKGEEAVLLGVGLSREQREELTARAEELGVISLNERALAREEELRALLEQAGSLAAIEPEVRALLDRMGVSPEDRELYLEGLAEGDPLTVDTLAGLEVIREWLEERE
163,10,3,1.0681012058438297,0.9111423492431641,0.8757432699203491,3.830347418785095,1.2076727151870728,SKSKIPELVKAFERQVERYRQEAKELGLGEILVLYVEKEPGWKEKFEEKLEEILKRAEELVKAGKEAVIISVGLSEEEKKEITKRAEALGVESLNEEALKVEEELKKKLEEAGSLEKLEEYVTELLEKMGVSEEDKKLYIEGLKQGNDLTISSIAALVVLKEWLERHK
164,10,4,1.0676605757133861,0.9196411371231079,0.8636770248413086,3.5671933367848396,0.7732574939727783,SKELLPELQKATNEQIERYRKEAEELGLGEILVLKEERTEGWKERFKEKLEEILKKGEELVKEGKEAVFITLGASDEELEEATKKAEELGIESLNEKVREREKEIQKLLEEAGSIEKIEEKLTELLDKMGVSEKNKELYLKGLEQGNRLTVSSLAGFAALKEWLEKKK
165,10,5,1.0065192187138021,0.7446164488792419,0.6783640384674072,7.170207962393761,1.777649998664856,SESDLEKLKKATEEEIERYRKELEELGGGLLEVILVERRPGWREEFERLLEEALARAREAVEAGERAVIITLNLSEEERREATERAEALGVESLNEEVLRKEKELKKLVEEAGSIEKIKEKLTKLLEEMGVSEENKELYLKGVEEGNELVFSSLAGFYVIKKLLEKEK
166,10,6,1.0526170146778935,0.48098862171173096,0.2741699814796448,17.431845903396606,12.2163667678833,SSSRRAELEKAMEEEIKRYQEELKKLGVGLLVVLSVEDVEGADEEFKKKMEEALAKLKEAVEAGKEAVFIGINLSEEQKKEMTERLEAAGVESLNEKVLEEEKKLKELLEKAGSIEKIKEELEKLLDEMGVSEENKKLYLEGLKEGEELTISSLGALKAIKEYLEEKK
167,10,7,1.1510906683571562,0.581230640411377,0.3019881248474121,18.72635316848755,18.622509002685547,SAADLPRIESAIEEQIKRYQEQLRELGLGLLEVLYQRRTPGWEERFEAQFAQALAQLAAAVAEGREAVLVTLGATREQRERAREAAEALGVQSLNEEVLREEEEIRALLEKAGSIEKIKDYFQKLLDEMGVSEEDKKLLLEGLGKGLEETVSSLAAFKAIKKLLERKE
168,10,8,1.0850754063374068,0.831810474395752,0.7973981499671936,5.44487239420414,1.8781964778900146,SASLRPELKKAGKEMFERYQKKLAELGIGVLEVLLVEKEEGWEERFREKLEEILARAAAAVAAGEEAIIITVGGSEEQRREVDERARALGITSLNEKVLEEREKIEKLLKEAGSLEKIREEMEKLLEEMGVSEENKELLLRGLAEGNPLTIDLLAAFKVIADYIKEKE
169,10,9,1.0725121360875531,0.4828794598579407,0.23466429114341736,19.627030432224274,20.190134048461914,SASELEKLLEATERQIARYQEEAEKLGLGEIIVLYVEEIPGWRERLRELADEALARAAEAVAAGKEAVILSLGLSEEERAELTARAEALGVRSLNERALKIAKEIKELLKKSGSIEKIEEKFNELLEEMGLSEEDKELFLKGLEEGSEVVIDSLAVFKEIKELLEEKE
170,10,10,0.992505283168911,0.5208770036697388,0.3910254240036011,16.709320724010468,10.576099395751953,SMEREPELLAAFERQFERYRKKAKELGLGEILVLYVKKEEGWKEKLKEKVKEVLERAKKLVEEGKEAVIASVGLSEEEREEITKEAEELGVESLNKKILEEEKKIKKLLEEAGSIEKIREELEKLLDEMGVSAEDKELFLKGFEDGDEITVSALAVFKVLKEYLEEKE
171,10,11,1.0204066974168746,0.5341218113899231,0.2904593348503113,19.504859447479248,22.125255584716797,SSSDLPRLREAIERQIERYQKEAKELGVGKILVLLVERTAGWEEEFEKKLEKILEEGKKLVEEGKEAVLLTLGASREQRREVTERAEKLGIESLNEEVEEEKEKLKELLEKAGSIEKIRKELEELLEKMGLSEEDKELFLRGLEQGEELTVDALAVFKALQKWLEEKR
172,10,12,1.0361241030643977,0.9350454807281494,0.8885053396224976,3.2595608234405518,1.111162781715393,SSSRREELIEATERQFERYREELEALGVGRLIVLYVEKKPGWEEEFEELLEEALEEARRLVEAGREAVIVSVNLSEEQRREITRRAEELGITTLNEEVLKEEKEIKKLLEEAGSIEKIKDYLEKLLEEMGVSEEDKELYLEGLAEGDELTVSSLAAFKAIQKYIEEKK
173,10,13,0.9963674799256513,0.8791676163673401,0.8402068614959717,4.283330634236336,1.444218397140503,SKERRPELIEAFERQVERYRAEAEELGLGEILVLYVEKKEGWEEEFEKKFKEILEEAKKAVEEGREAIILGVGLSKEQREKLKKEAEEIGVKSLNEEALKKEEEIKKLLEEAGSIEKIREKLEELLRRMGVSPEDAELFLEGLEEGEELTIDSLAALAVLQEELERAR
174,10,14,1.0172588162937803,0.8872604370117188,0.8547931909561157,4.3230497390031815,1.4286470413208008,SAADLPRLKAAANRQFERYRKKLKELGVGKLIVISVEKIPGWKELFEQKAKEALEEAKRLVEKGEEAIIIGVNLSEEQKKELTKKAEELGIKSLNEKVLEVEKEIKELIKKAGSIEKMRSYFEKLLEEMGVSEEDKRLLLEGLEKGDELTVSTLAALKVIKEYLEEKE
175,10,15,1.0796415206910124,0.7838696241378784,0.7372276782989502,6.3710914850234985,1.03290593624115,SPARIPELLAAMKRQIERYQEELKKLGLGKLIVLVVLDEPGADERWKELFEKALAEGEELVKKGEEAVLLTVGGSEERLEEATKAAEALGITSLNERALQVRKELQELLEKAGSIEEIREKLEELLEEAGVSEEDKELLLEGLEEGDELTLDTLAALIVIKEYLEKKK
176,11,0,1.1255063367337597,0.8200858235359192,0.7234354019165039,6.403529092669487,4.233658313751221,AELEKYRKALLEKIKEMTPELLEKLRTREGMLEYIGLLENHLLLEAAERSSPEVAALYRRLLEGIRANPELYVDYLQFVYDWLEELLKSLPEEERRRFEELLTKVTDLDAHLELQRFLREALLRVLPGRSWDEVADEVLARIRAELGEAAVEIARLDLAAQRAVFDGA
177,11,1,1.1614674981435629,0.768706738948822,0.5961992740631104,8.88215246796608,9.255132675170898,SEKEEYEKKLKEKIVKGTKEIYEKLRTEEGMLELIDLLYSHLLLTLAEESDEETAEVVLKLLELIEKHKELVVKLLQYIDELLEEILKELPEDERERFHELRLKVTSVDSFLELLRFIREALSKVLPGKSIDEVYEEILEEIKKKIGEEAAEIFEVFVEADKLIFDGE
178,11,2,1.1263991885458506,0.6974772214889526,0.5443741679191589,10.947423040866852,6.3104248046875,MELEKYKKALLEKIPEGTKELYEKLLTEEALLENIGLLYNHLLLELAEKSSPEVAEIYLKTLELIKKYPEKVAKLLQFVAERLKKELEKLPEEKRKEYEELRLGITSLEKYLELVKFTRKLLLEVRKGKSIEEVYNELKEEFLKEIGEEAVEIFDTLYEAEKLIFEGS
179,11,3,1.1988745523523936,0.6186424493789673,0.46850407123565674,13.15842056274414,3.500267744064331,SKLEEYKKKLYEKIPKGTEELLEEFLTREGLLEYLGLLYSHLLLTLAEKSDPETAAIVLRLLQLIEEHQELVVDLLQLIADFLRKLMESLPEEERQKYLELLKEIKSLEKFLELVRFTEEALEKVLKGKSIEEVYEELEKKIEEELGPEAVEIFREWVELVRRIFEGS
180,11,4,1.0662418985991655,0.788589596748352,0.670893669128418,7.145292982459068,2.6255760192871094,SELEKYKKELLEKIKEGTEEIFEKLLTEEEMLKYLDLLFNYLLLELAEKSSPEVAKIVLKTLELIKKHKEEVVKLIQFLYEKLKEFMKKLPEEKQKEFEELLKKVTSVESFLELVKFTIEALLEVYKGKSIDEIIEEVKKKILEEIGEEAVEIFDTWVEAIKLIFEGS
181,11,5,1.1673586861910386,0.7645646333694458,0.6521910429000854,9.229233622550964,9.847567558288574,SKLEEYKKKLLEKIPEGTEELLKELITEEKLREYAGLLYSYLLLTAAEESDEETAKIYLETLELIEKHIDLFVKLVQFLFERLEELLKELPPEEVERFHELLKKVTDLNAFKELIRLLRELIQKVLKGKSIDEFYDEVAKEIEEELGEEAVEIFRLFVEAVRKEFEGD
182,11,6,1.17254881247817,0.627441942691803,0.49509239196777344,11.572292178869247,4.370457172393799,DERERYLAALEAAIPEGTAELYEALLTREKMLEYLPLLYNALLLTLAEESSPELAEIVLKTLELIEKHPELVVEALQYLREFLDEVMKELPEEERKKFEELLKKVTSVEAFLELLKFTAEALKRVLPGKSIDEVLEEVKKKIKETLGEEAVEIFETFVEALRKLFEGE
183,11,7,1.1677866748149472,0.8651084303855896,0.7610480189323425,5.340091913938522,2.06327486038208,SLRDQYRAELLARVPEGTPELLAALRTREGMLDLLPLLYGHLLLTLAEESTPEVAEKVEETLRLIQEHPELVVEMLQFLHEFLEKVSESLPEEERARYEELLTRVTSLDAFLELIRFTRELLSKVFPGKSIDEIYQEILDEIRKQIGEEAAKIFETWVEVERLIFEGE
184,11,8,1.1598883038583265,0.7294487953186035,0.6135761141777039,10.365958333015442,3.8798885345458984,MEKEEYEKKLKEKIKEGTEEILKKLLTREEMLKFSGLLYSHLLLTLAEESSKEVAELVLETLELIREHEELVVELVQMIAEELEKVLKSLPPEEVEKFHELLKKVTDVEAFLELIKFIKELLLKVYPGKSYDEIIDEFAEKVKKELGDEAVEILKKFVEVVRKIFQGK
185,11,9,1.1227990868054776,0.742167055606842,0.6275275945663452,8.784107476472855,3.050215244293213,SLLKEYQEKLLKEIKEGTKEIYEELLTEEGMLKYLDLLYSHLLLTLAELSDPETAELALETLKLIRKHKELVVKLLQYLHEKLKEILEKLEEEEQEKFEELLKKVTSVESFLELLRFIDEMLKKVYKGKSIDEIWEEIEEEIKKELGEEAVEIFRTFRRLWKMIFEGK
186,11,10,1.1584512225239205,0.7171571254730225,0.5735647678375244,9.333786368370056,2.927628755569458,SELDRLRAELLNRIPEGTPELLEEFKTKEGLLKYAGLLYGHLLLDLAARSSPEVAELVLRTLELIEKHKEKVVEMLQYLYDLLRELMAALPEEERQRFEELLKQLTSTAAFLELSRFVEEAVLRVLPGRSIDEFWDELREKLKKEIGEEAVKIFETLRETYRALFDGA
187,11,11,1.195885129068708,0.6494343280792236,0.4994673430919647,12.635806500911713,5.912708282470703,AELERLRRALLARIPEGTEELLEELKTEEKMLELAELLYGHLLLELAERSSPDVAAIVLELLRLILEHKELVVKAEQLYFEKMDKILEKAPKEEQQKYYELLKKVTSLEAHLELVKLTFELLEKVLKGKSYDEIVEEFLAEIERELGPEAVEIFRLAVEAVKAIFLGS
188,11,12,1.1472313468592956,0.8034430742263794,0.6703590750694275,7.046050652861595,2.8945720195770264,SEVEKYKKKLLEKIKKMTEEILKELLTEEGMLEYLDLLYNHILLTLAERSSPSVAEIALKTLELINENKELFVKYLQFLAKKLEEVMKELPEEEREEFRELLKQVTSVDAFLKLQEFIDKALQKVYKGKSIDEIIEENIEIIKKELGEKAVEIAETYNELRKQIFVGS
189,11,13,1.143156390169976,0.7431200742721558,0.6138144731521606,10.460085183382034,3.1725480556488037,SEKKYYEDKLLKEIKEGDEEIFKELVTEENMLKYLDLLYSHLLLTLAEQSDPKVAELVLKTLELIKKHKDLVVKALQLLVEKLEKVLESLPEEEQEKFKELMKKITSLEDFLELIKFTKEALLKVYKGQSYDEIVDEFAAEIEKTLGKEAKEIFETFREVVRAIFEGR
190,11,14,1.1178718082650971,0.7593917846679688,0.6509518623352051,9.324611395597458,3.9523420333862305,SELERLRAELLAKIPEGTEEILAELQSREGMLELLPLLYGHLLLELAARSSPEVAAIYRETLRLIERHQELAVQMLQLLAARMEELLAAAPEAERERYRELLRQVTSVDAYLELVRFTRELVLRVLPGRSYDEFVEELLQEIRERLGEEAAEIFRLAVEAERALFEGS
191,11,15,1.151451185277111,0.5210896730422974,0.33094027638435364,15.572008430957794,15.793230056762695,MELEKLKKELLEKIKEGTEEILKKLLTEEEMLRYIGLIFGYLLLELAERSDPEVAEIALKTLELIEKHRELVVKLLQYLYDFLKEKMKKLPKEEQEKFEELLKKITDVDAFLEFIRFLVELLEKVEKGKSIEEIFEELKEEIKRKLGEEAVEILEEFIELVKAIFEGK
192,12,0,1.1649497943192557,0.9246422648429871,0.885696530342102,3.5802206248044968,1.1194275617599487,KLEELKKLLEEMEKLAKELEDLAEKLAKKVEELGEKVEVYDGTPEEMLEHLQEIFENLEEVLAKYPELVKEHLENLKNNKKVREAMELGVEALRKLIELQKAIEEGASFEEIKKKAEEALRLGKEFIKTVEESLDILTPFELQLFHEMLRVMARGLRDNIKKIKEKYL
193,12,1,1.1799384130438306,0.8840075135231018,0.8323042392730713,5.205172881484032,3.1268253326416016,KKKELEELLERLEEIKEELEKLAEELAKKVEELGGEVKEVNGSAEEFLKEINNRFKNLDELLAKYPEEVREAMRTLEENEKVREAFDALKQALENAIELKEAIKKGASFEEIKELADKLIETSERFLKLTKEAIDELTLMQLKIFHEGLRVLALTLKENIEEIRKKYL
194,12,2,1.221086606842824,0.873589813709259,0.8241895437240601,5.266843646764755,1.7552149295806885,VEEELKKALEELEELAERVEEEAEELARKVEALGEKVEEVNGSVEDLLKRYQSFLENWEEVKAKYPELTEEAKRALEENPLVREAFDKIIESLQEALDLKKAIEEGASIEEILEKAKRLIELVKEAIELTRKALDILTPLQLQQLHDGFTVIARALREAIEKIKRKYL
195,12,3,1.154640242566056,0.8834460377693176,0.8379572629928589,4.886455520987511,2.4899377822875977,DKEELEKLLKELKELAERLKELAEELAEKLEKLGYEVKEYDGSPEEALKYIDDLFENLEELKAKYPELVAEAVRALEEDPIIREALDKLREALEKTIKLEEAIENGASFEEIKKLAEEFIKLAKEAIELLEEALEKLTPFQLSLFYQLLKVLAKSIEKNIKKIEEKYL
196,12,4,1.267102512854698,0.9117218255996704,0.8574876189231873,4.2904402911663055,2.6444365978240967,MMSELNELLERLSAVASELGSLAAELAERVRELGGEVEAYTGSVEDFLAWLEEEKENLEALLAEFPELTREHLRTLRENPGVREAERLLREALRAALRLQRAVEEGSSFEEIAELAEELIRLAEELVAKLRELLDELTLLQLSLFHKGLQVLGNAIRRILSEIQKKYL
197,12,5,1.1703725662272757,0.831959068775177,0.7709224224090576,6.628995895385742,10.19692611694336,DRARLLALLARLDQLAARLEELARRLAERVEELGEKVEEFNGSPEEFLKYIEDLFTNIEEYLAKYPELVREHLRALREDPGVSESFRLLLRALEEALELQRAIEEGASLEEIAEKAERLLRAAEEALRKTEELLDRLTPLQLLLLHAGFAVLARALREARRAIAQKYL
198,12,6,1.0896909272625261,0.9168897867202759,0.8746199011802673,3.995095044374466,2.844656229019165,KREELLRLLEEIERVARELERLARELAEKVEALGEEVEEFDGSVEEFLEYIEDIFENIEEYLKKYPELTKEHLRNLEENEKVRKAFELLLESLRKALELLRALEEGASLEEILAKARELIESAREAVRTIREVLEELTPLQLRLFHEGLTVLSRALREARRRMRERYL
199,12,7,1.1495237528061377,0.8116818070411682,0.7415016889572144,8.001525074243546,9.63310432434082,MMEKLQELLERLEELAREIEELAEKLKKKVEELGEEVKEFTGSPEEALEWIENVKKNIEEVLEKYPELVKEALESLRKNPGVREARDKLLESLREAIELKEAIEKGASLEEILELAERLLETAREAIELLEKNLDILTPFQLREFHDALTVLSRAIREIIEKIKKKYL
200,12,8,1.199450402449201,0.9498074054718018,0.8881789445877075,2.924396462738514,1.0113790035247803,KKEELEKLIDELEKIRKELEELAKELAEKVKSLGYEVKDYNGSPEEWLKRLEDFFKNFEEVKKKYPELVEEFIENLKNNPEVRRALELLKETLKKLIELQKAIEEGASLEEIKKLAQEAIRTAEEFLAETRKAIESLTPLQLEILYEGLRVASISLKEIINKIKEKYL
201,12,9,1.1757257380931667,0.8222864270210266,0.7677081227302551,6.848910227417946,2.819430351257324,EEEELQKLLDKLREVAERVRELAEKLAKKVEELGEEVEEVEGSVEELLEKYNAILENLDEVAAKYPELTAAALENLEKNEEVREIEKLLLESLRKTLELKRAIEEGKSFEEIKRLAEATIESVEKAIEKLEEALDKLTPLQLRLFYEMLRVIAKALEENIEAIKKKYL
202,12,10,1.1362701304733631,0.8777152895927429,0.8366737365722656,4.6959900707006454,3.6153016090393066,RMEKLEELLKELEELAEELERKAEELAKKVEELGYEVKEVNVSPEELLEKLEEFKENLEEYEAKYPEEVKEHLKTVEELEEVKKAEELLKKALEAAIELQEAIDKGESFEEILKKAKELIKLAKEAIETIEKAIEKLTPLNLRIFYEALRVLAKTIQDNIKKIKEKYL
203,12,11,1.0911806888140134,0.8273417353630066,0.7973489761352539,6.491848483681679,1.8346014022827148,ERKRLEELLARLEELAERLEKLAEELAKKVEELGEEVEEYEGSVEEALKKVKDFLENIEEYKKKYPELTEKALETLKKNPKVRKAFELLLESLKKAAELLKAIEEGASLEEIMRKAEELIKTAEEAIKTTEEVLDILTPLQLKLFHELFRVLARAVKEAIEAIKKKYL
204,12,12,1.2464905289545916,0.9167237877845764,0.8768682479858398,3.6305192187428474,1.5424515008926392,NMKKLNELLAELEEVAQEVRELAEELARKVEALGRKVEVYDGSVEEALKRVKDILENLEEVRARFPDETEEHVRNLEENEEVREAFDLLIESLKAALELQKAIEEGASLEEIMKLAEKLIELVRKAIETIRKLLDELTPLNLLLLHEMLRVISQALEEIRNAIEEKYL
205,12,13,1.1289501972711489,0.9157915711402893,0.8593428134918213,4.305579319596291,2.940258264541626,MKSELEKLLKELEELAEELKEKAEELAKKVEELGGKVKEVNGSVEEFLKKIEDEFKNLEELKKKYPEEVEEFVKNLKENEGVRKALDKLLESLKHALELLKAIEDGASFEEIAELADKLITSARELIELTDELLDELTLYQLRLFYEGLRVLALAVEEARKKIEEKYL
206,12,14,1.2224101325478984,0.8531240820884705,0.7492117881774902,7.347946152091026,4.442033290863037,MQKKLDELLARLAALRARLEALAAQLAARVEAMGETVHDYTGSVEELLKHIKEIHENIEEYLAKYPELTKEALENLRTNAGVRRALELLIEALEKTLELQRAIEEGASFEEIAELAEKTLKTAEELLALIEELLDELTPMQLLLFHQGLRVIALALAENEAAIREKFG
207,12,15,1.1192373823861363,0.9093012809753418,0.8816616535186768,4.002649545669556,2.33223819732666,KEKELEELLKRLEELAEKLEELAEELAEKVKALGEEVKEYNGSPEELLQKLQDVLENFEEVKAKYPDLTEEALKSLKENEGVRKALELGLEALRKALELKKAVEEGASFEEIAEKAEELIEVGEEFLETVRELIDQLTPLQLQIFYEMASVLARAVREIREKLKKKYL
208,13,0,1.1569019470650894,0.9174599051475525,0.8350214958190918,3.6315029114484787,2.0138585567474365,SESVERTKELFKREDLKDIEGAIERLVKEGLSELTVTYGIIKLIQEDEEAKKEFSPENIELVVKRYNKLVEEMGKEALEKAIEKNPEAEEAIRELVEAIREYLVALTSREEQERKRERLLELLIELLKSGKLTPELLRLIVEEIEKNLPKEVAEELRKLVDEALKEAE
209,13,1,1.1849201355932026,0.9211933612823486,0.8222412467002869,3.878039076924324,1.4891983270645142,DTEVKKTLELFTPEDLKDIEAAIDRLVEEGYSLLSITYGLILLYEKVPEAKEAMSEENKKFILDKFNDAVEKLAKEALEEAKKRNPEAAETLEEVTKAILEYLKALSSEEEKEKKKAELLELLIEKLKSGELTPEELRLLVEKIQKDLPEEIKEELERIVEEALKAAE
210,13,2,1.1496992855579768,0.9331686496734619,0.8618371486663818,3.514306053519249,1.6909732818603516,NDEVQRTLELFKPEDLKNIEKAIERLVKEGYSLLEITYGIILLYQTDEKFKQEITQENKDLVLNKYEEAVKKLTKEAKEKAIKKDPEAKEAIEELTEKIKEYLISLYDTEKKKEKEKELLELLIKLLKSGKLSEELLKLIFEEIQKNLPEQVKKELEEIVEKAIKAAK
211,13,3,1.1527736447952321,0.8665306568145752,0.7554007768630981,5.443823799490929,1.1544287204742432,KEEIAKAKKLFKDEDLKDIEGAIKKLVKEGYSLLEVTYMLIKLYSEDEKFKEELSEENKNIIINLYNKKIEDLTERARKKAIEKDPEAEEHIAELTELIKRYLLALVDEEKQREEEEELLEKMVELLKSGKLSKELLKLIVEEIEKELPEEIKERLRKLLKEAIEEAE
212,13,4,1.2192639919779986,0.8981361985206604,0.7987916469573975,4.585142523050308,1.3151432275772095,NEKVKKTLELFTEEDLEDIESAIKRLVEKGYSLLEVTYGLILLYQTRKEFREKLSPENVKLVIDKYNEAIEKSAEKAREEAIKLDPEAEAAIQELTDLLLEYLKAMVSSEEQEQKKQQLLQKMIQLLQSGTLSPELLRLIVKTIQENLPEEVKEELRELVEEALQAAR
213,13,5,1.1746801444117942,0.825453519821167,0.7018821239471436,6.546177700161934,1.875798225402832,DEIVREALELFKEEDLEDIESAIKKLENAGYSILEVTYMLILLYERREEFREKISEENKELVLSRYNKAVREMAEEARRAAIERAPEAAEDIEELTELLREHLIAHYSEEKQKEKQKELLERLVELLRSGRLSPELVQLIFDEIMKNLPPEVQKELQELVDQALAEAA
214,13,6,1.1864626898300592,0.9282965064048767,0.8560152649879456,3.537297300994396,1.1568647623062134,SKLVEETKKLFTEEDLEDIESAIKRLVEEGYSELEVTYMIILWYETDPEAREALSEENKQLVLERYNKKVEELAEKALKIAIERDPSAREAIKELVDLIKEHLIAMHSKEEHEKKKQELLEAMVRLLREGTLSPETLRLIVDEIQKNLPEEVKKELEDLVEEALREAE
215,13,7,1.1106914594729234,0.7879849672317505,0.706989586353302,7.837492525577545,5.756886959075928,KELIEEAKKLFTEEDLKDIEKAIERLVKEGLSELEVTYMLIRLIQEDEEFREKITEENKEIIINRYNKAVRESVEEAIEEVIEENPEAKEAIEEVGEKIRDYLEALVSEEEKKKKKEELLELLIKLLKEGKLSPEEVKLLVEKVTKNLPEEIKEELKKIVKEALEEAE
216,13,8,1.1983014103642384,0.6058230400085449,0.3809433579444885,15.39141270518303,7.144987106323242,DEEVEKAKELFSEEDLKDIESAIERLEKEGYSVLEITYMIIKYYQEDEKAKEAFSKENKDFVVNRFNEKVREAVERAVEAARAEDPAAAAAIERLGELLREYLEALTDEEKEAERRARLLAALVALLRSGALSPSLLRRMVELVEEDLPPEVAEELRAIADEALAAAA
217,13,9,1.137612849849725,0.9398543834686279,0.7289528846740723,5.522453621029854,16.28246307373047,SEKVAETLKLFKEEDLENIEEAVNRLVKEGYSELEVTDGLIKLYEEREEFKEKFSEENKEFVLKKYRDALRRSAEEAREAAIRRDPAAAPAITELTELLLEYLEKRYSKEEQEEAEEELLEAMVRLLRSGALSPELLRLIVEEIEKDLPEEVKEELRELVDRALAAAA
218,13,10,1.232582938695311,0.9156759977340698,0.787143886089325,4.397170141339302,1.8597198724746704,DELIEKAKKLFKEEDLKDIESAIKRLVKEGYSELEVTYMLILLYEKSEEFKELITDENKELILSRYYKALTQLAAEALDAAIAVDPAARTAIQRLTEAILEHLKAMEDEEEQKKKEKELLELMIELLESGELSEATLQLIVDRIQANLPPEVQKELQDLRDEALEKAR
219,13,11,1.1489138655745004,0.9561020731925964,0.8847986459732056,2.8647076338529587,2.0023672580718994,MEAIEKTKELFKEEDLKDIEGAIDRLVKEGYSELEITYGFILLIEEDEEFKEKISEENKNFIRSRYEEAVKRLAERAKERAIAVDPAAAEAIERLTEALREHLIAHFDREKHREKEEELLRLLIELLQSGELSPELLELIVREVQAELPKEIQAELRGLLDEALAAAA
220,13,12,1.1869130997788582,0.6979224681854248,0.5255683064460754,14.382647037506104,6.996321678161621,NEQVKETLKLMKEEDLKDIESAIERLVRSGRSLLEVTYGLILLYQERKEFQELFSEENKKLVLDLYNRALEEAARAAREAAIERDPEAAAAIEEVTAALLDYLKALESREEAQRRREELLRLLVEKLESGTLTPELLRLIADLIQKNLPPEVAEELRALVREALARAA
221,13,13,1.1405310879359112,0.7639666199684143,0.6679025888442993,10.219320446252823,6.135265827178955,EEKIKEVKSLFKEEDLKDIEKAIERLEKEGKSILEITYGIILLYTEDKEARERFSEENKKFVLDKYNEAVKKMVKEAKELAIKKNPEAEEAIEELTEKLEEMLKALEDREKYEEKREELLKLMIELLKKGKLSPELLKLIIDEIEKNLPESIKEELRELLKEALEEAK
222,13,14,1.2341011649682239,0.8950107097625732,0.8064965605735779,4.944277435541153,2.76780104637146,SKLVEETKKAFKEEDLKDIEKAIERLVKAGESELTVTFKLLKLIQEDPEYKEKFSEENKNFIIERYNNAVTEAAERAAAAAKEVDPSAAAAIEEVVNALRRYLLARSSPEEQEKERRRLLELLIELLKSGVLSPELLRLIVDVIQADLPPEVQQELADLVKEALAAAE
223,13,15,1.2211235431404799,0.6860685348510742,0.5360511541366577,11.752146035432816,4.473631858825684,KELVEETKKLFTPEDLKDIEKAIDRLVEKGFSELEITTMLIKLYTEDPEAQVEFSKENKDLILSKYREAVRRLAEAARRKAIELDPEASEAIERLAEAIEEHLLAMESPEEQKKKEEELLKLMVELLEKGVLSPELVRLIVEEIQRELSPEVAQQLEEMVKEALEKAE
224,14,0,1.0981385081884985,0.8837615847587585,0.7485182881355286,7.224127903580666,6.864769458770752,RKTVIIILALDREEAEEAEKLAERWREEGLVESLHYQGGLLKEERVSEESLPVLESTLEQLVLDYIKEGNNVLLLGVSERSQEFVEELAERLKEKYKDLIEEKAELRVVRLEELEDARREYGPGVELIVFTPKRFEEERRRREREAEEEKRRAAEAARLAALRAKLGL
225,14,1,1.0296371132409485,0.799856960773468,0.6430381536483765,10.186565488576889,3.912968873977661,METVMLIAALNKEEAEKARELAERLKKEGLVEELEELGGLLKEKELTEELLPVFTKTLKEMVLNYIKEGKNVLLFAVSPEGQEFVRKLAEEIKEEHKELIEEKAKLEVVTEEELRKAAEKYGKNIRLVYFSPRKYEEEERRRREEERRRREEEERARREAERAAALGL
226,14,2,1.1282001986339403,0.6939622163772583,0.5378060936927795,12.122847825288773,9.94143295288086,MQTVILILSLDEAEAEQAKKLAEKLKEEGLVKELESLGGLLTTPEVTEELRPVLEELVRKLVLDAVRAGNDVLLFGVSPRAQEWVRKLAEELREEEAELIKEKAKISVVTLEDIRAAAEKYGPGVRLIYLSPEQAKREAEEQRRREREAEERRRREEELRRLKEELGI
227,14,3,1.0745718184485027,0.8265308141708374,0.6495821475982666,10.672173857688904,5.087285995483398,RKTVLLILALDREAAEKAKELAERLKEEGLVAELRYLGGLLYKEKLTPELEPVLVDRWRRLIIEAIEEGNDVLLYAVTPEGLALVRELAEAFKAEHAALVEEKGEVRVVEESELRAAAEKYGPGMELIVETPEETLRRERREEEERRRAAEDAAREAARAAYAAAAGL
228,14,4,1.0383215318481123,0.706382691860199,0.5327297449111938,14.087775737047195,8.153103828430176,MKTVVIILALDREEAEKAEELARELEKKGLVKELREDGGLLRHEALTEEDLPVLEQHLKDLVLDAVEEGKNVLLLAVSPKGQALVEKLAEELLKENSELVKKKAKIEVVKLEEIEKAKEKYGENVELIYESPRASREEAARAAAEAAAAAAAAAAAAAAAAAAAAAGL
229,14,5,1.0438925131445356,0.7443909645080566,0.5825984477996826,13.14727035164833,8.815004348754883,SETVLLIIALDKEEAEKAKELAEKLLKEGIVEELEEDGGLLKKEKLTEELKPVHEEHVKNLVLKFIEEGKNVYLYGVSEKSQEYAKKLAEEIKKEESKLIKEKAELEVVTEEEIRKMAEKHGKNIKLIYESPSKYLEEKKKEEEEKKEKEEKEKKEEELKRLKKELGL
230,14,6,1.0524426667014153,0.5878951549530029,0.27122727036476135,20.213903486728668,22.773744583129883,MRTVMLILALSAEEAARAEELARRLAREGLVSRLERLGGLLETPSVTDELLPVLRQRLKDLVLEYIERGDNVLLHAVSPKGAAFVRQLAEELKEEHKELVEEKAELEVVSEEEIRAAAERYGPGMELIVETPAAARAAAAAAAAAAAAAAAAEAAAAAQAARAAAAGL
231,14,7,1.181519830617796,0.7144432067871094,0.5418896675109863,12.543526470661163,14.17811107635498,MQTVILILALDREAAEKAKELAKELEKKGLVKELRELGGLLSEPELSEESRPRLERLLKDLVVNALKSGNNVLLYAVTKEGQEFVEQLAEDLRAKYKDLVDKKAELEVVTESEIEKAKEKYGENVVLIYFSPSATEAKRAAAAEAERAAARKREEEERLRRLREETGL
232,14,8,1.0679433602381423,0.8031864762306213,0.6558268666267395,10.757309585809708,3.8495209217071533,KKTVVIIIALDKESAEKAKELAEKWKKEGLVQELKSLSGLLKEEEISEELRPKLESLLKEMVIKEIEEGNDVLLYGVSERSLEFAKELAEELKEEYKELIEEKGEVEVVTEEEIKKAKEKYGENVELIYFTPEETEKEKERKEREEELAKQEEEEKEAAARLAAEKGL
233,14,9,1.0365180608066422,0.8121585845947266,0.6447598934173584,10.66314023733139,3.838536500930786,METVILIVALTREEAAAARRLAEELKAKGLVKELERLGGLLREEELTEELRPVLEETVKNLIIEYIEKGNNVYLLGVSPESQEWVEELAEEIKKEHKKLIEEKAEIKVVRLEDIEKAAKEYGPNIKLIYFSPDETEREREREERERREEEERRRREAAERARRAARGE
234,14,10,1.1075573954071964,0.6580554246902466,0.3578031063079834,17.571468830108643,19.48931884765625,RRTVVLILALSREEAERARELAERWAREGLVAATRRLGGLLTEEALTEELLPVLRAHLEELVLAALEAGNDVLLTGVSPEAAALVRELAEELRARHAELLAAKAELEVVEEAELRAAAERYGAGVELIYEDPSQARRRKAEEARRAAEAAAKAAEQERLAALKAALGL
235,14,11,1.0398184064866345,0.8093065023422241,0.6718505620956421,10.543252140283585,10.405865669250488,MKTILIILALDREEAAAARALAEELQAKGLVKETRALGGLLQTPELTPELKPVLEELLKKLIIDAIEKGNNVLLYGVSPKSLEFVKKLAEEIKEKYADLIKEKAELEVVTREEIEAAAKKYGDNIELIYLTPDETERAAAEAARAAAEAARAAALAEELRRLAERLGL
236,14,12,1.075659362579575,0.7665302753448486,0.5901967883110046,12.136306792497635,5.680472373962402,MKTVILIIALNKEEAKKAKELAEKLLKEGKVEELEELGGLLKEEELTEELKPVHEQRIRDLVLKALEEGNNVLLLAVSKRGQQYAEKLAEELKEEYKELIEKKAKLSVVTLEEIDQAVEKYGPSVHLIYESPKKYEEERAERERREEEERRRRAEAEARAALAAALGL
237,14,13,1.057321212590667,0.7415400743484497,0.5664362907409668,12.80397891998291,10.16001033782959,MRTVLLILALDREAAERADALAQQLAAEGLVAELERLGGLLKEERLTPELLPELEALVRDLVLRAIEDGDNVLLLAVTPEGQAFVERLAAELRAEHAELIAAKGELRVVTLEEIRAAAAEYGPGLRLVVFTPEEYEERRKRERREREEAAEEARRAAELARLAAALGL
238,14,14,1.0323604103006772,0.7071322798728943,0.5373406410217285,13.107770204544067,6.454028129577637,MRTVILIIALDKEAAEKAERLARELRERGLVAELREDGGLLEEEKLSEELRPKHEQHVRDLVLQALEAGDDVLLFAVTEEGQEYARRLADELRAEHAALVAARAELSVVSEEDIEAAAERYGPGIELIYESPKEYRRREEERERERREREREERERREEERRRKELGL
239,14,15,1.1200000919799347,0.7415443658828735,0.5666052103042603,11.608698278665543,16.688735961914062,MKTIILILALSREEAEAAEKLAKEWKEKGLVEELKELGGLLKEDELTDELLPKLREHLKELVLKALEEGNNVLLYGVSEESAEVVKELADEIRNKHKELVEKKGSLSVVSEEELEKAAEKYGPNVELIYESPKKTREEEREREERERREREAEERRKRLKELEERLGL
240,15,0,0.9570932537634551,0.7232911586761475,0.6493934988975525,10.144059985876083,9.678117752075195,EKEKKREELLKLIEEAKRAAEAGDSEALLDKLLEFHRLLKELGMPAGLIGGPFRFETREKLKEAKERLEKFLEEFLGVKVGEKSKYEGGEYEIEEEEEDGVYVLRVKAPVDLSGWKYLDPNELFDFLDFLRERIGSRTTVITDDSTPEEVKKKAEEHNKKMKEAEEKE
241,15,1,0.9691249132022999,0.6771152019500732,0.44360047578811646,14.105635106563568,6.991824150085449,SMAEASAELRRLMDEFRRAVEEGDSKKAFELELELLEKLAELGMPAGPFGGPYEFETKEEADEAIEKWKEMFKKLLGVEVGEDSPYPGGKYEIKREEKDGKYIIEVDAPFDLSGLRYVDPDEVFELLRFRLEKVGGTTTVVTDDSLPEEVKKKADELNDEMAAAKAAA
242,15,2,0.9341855163883842,0.5535966157913208,0.3363674581050873,18.25502324104309,17.009199142456055,DRAAAAARLAALMARAREAVEAGDSEALLEAELALARELARLGMPAGLFGGPYVFDTREARERGVAALEAFLRELQGVAVGEASPLPGGRWAIRESEEDGKFIVRVDAPVDLSGWRYVDPDELFDFLRFLREKIGATTTVVTDASTPAEVQAKAAELNEEFRRAEEEE
243,15,3,0.954912932843251,0.5944350957870483,0.4111068546772003,15.43650135397911,13.268329620361328,MKEEATEKLKKIIDEMKEALEKGDYKKLFEYELKFIDLLAELGMPPGMFGGPFEFETEEEAEEAVEKLKEFLEKYLGVKVGEESPYPGGKYEIKKEKRDGKYIVTVDAPVDLSGLKYLDPEELFEFIRFRLEKIGGVTTVVTDDSTPERVKKMAAELNEEMAKAREAA
244,15,4,1.0292626145969255,0.5675950646400452,0.33826375007629395,16.581299781799316,11.33730697631836,SMAKKRSELLELIERIKEAADAGDDVALFEGLLELLRLLAKLGMPAGLIGGPFRFATEAEAKKAVEQIKEFLKTYLGVEVGEDSPLPGGKYNIRTSEEDGVYIVEVEAPFDLSGLKYIDPKEFFEFLRYLLEKIGATTTVLTDDSTPEEVKEMAEELNKLFAEARKAR
245,15,5,0.9989394713042058,0.5343554019927979,0.33560842275619507,17.63922744989395,17.31713104248047,MKEEATKELKELLAKAREAVEAGDSVALFEYLRAFAEKLAELGMPAGLVGGPFEFATREEAEAAVAALEALLRRLLGVRVGEASPYPGGRYAIHRSERDGRYIVEVEAPLDLSGQRYIDPDELFDFLEFLLEKVGAVTTVITDESIPEEVKKKAEELNKKMEEYREKR
246,15,6,1.0534967037975975,0.5770532488822937,0.3930358290672302,16.210213661193848,17.332155227661133,MYEEKRKELEELVNELLKALEAGDDLATFEKLAELLRKLAELGMPAGPFGGPFVLKTREEADEVVARLERLLRELLGLEPGAESPYPGGRYDIRRREEGGRYIVEVDAPFDLSGLKYMSPDKVFELARKMLRLRGGATTFVTDDSTPEEVKKKAEELNAEMRRALAAR
247,15,7,1.0229766195297145,0.7610551714897156,0.6745823621749878,8.18335509300232,1.8153420686721802,DKAKKSAEGNKLIEEAKKAADEGDSKKLFEKLLELVRYLHKEGHPAGLIGGPFVFDTKEEAEKVIEELKKFWEEYNGTKVGEPSPYPGGQYKITEREEEGKYIVEVEAPVDLSGWEYIDPDLLFEFLEYLLEKVGATNTLVTSDDLPEEVKEKAKRLNEKMKRYREEE
248,15,8,1.0047021215360927,0.5994763374328613,0.3455164432525635,16.45195770263672,13.745148658752441,MRAAASEQLQRLIADALAALEAGDDARLFALLRELAELLHRLGMPAGLVGGPFVFATEAEAEEAVAALEELFRRLNGVRVGEASPLPGGRYAIRRSREGGRYIVEVEAPLDLSGWAYVDPAEVFEFLRRLLALRGGATRVFTDDSLPEEVRAQAEALNAEFEAARRAA
249,15,9,1.0131275078033497,0.6577205657958984,0.44047385454177856,14.475929468870163,6.013927459716797,SMKEKTEKLMEIMKELKEAVDAGDSKKTFEKLLEFVDLLKELGMPAGLIGGPFVFDTKEEAEEAVKKLEELLETHLGVKVGEDSPYPGGKYEIETEEKDGKYIVRVKAPFDLSGHDYIDPEEFFELLRYLLEKLGSTTTVVTDESTPAEVKEMAEEHNKYMAEYEAKE
250,15,10,1.023319696946625,0.590694785118103,0.36892563104629517,15.819644927978516,7.520511150360107,EKERKSAELLSLIEEAKEAADAGDSEKLFEKMLELAELLARLGMPAGLVGGPFYFKTKEQAEKAVQALRDALARLQGVAPGEASPYPGGRYAIRTEERDGVYIVRVDAPLSLEGLSYLDPEKVFDFLNYLLEKIGATTTVITSESTPEEVKKKAAEHNERMKQAEEAA
251,15,11,1.0094009708189717,0.759577214717865,0.5445857048034668,9.973542779684067,2.116027355194092,SMKEKSEQLEQLIAEAEKALDAGDSEEFLKKHLEFLEKLAALGEPAGPIGGPFVFETKEKAEEAVKALEEFFEKLLGVKVGEDSPYPGGKYNITTREEDGKYIVEVEAPIDLSGLKYIDPKKLFDFLDYVLEKIGGSTTVITDESLPEEVREMAKEHNERMEKARKEK
252,15,12,1.0111473118727965,0.6001698970794678,0.3742433786392212,15.31239578127861,15.466733932495117,DFAAARARLEALLEEARRLLDAGDSRGFLEAMLALVDELARLGMPAGPFGGPFVFDTEEEAKEAIAALKEFFERHLGVKPGEPSPYPGGHYGIEEEEKDGKYIIRVDAPFSLEGLTYVDPRRVFEFLRYLAERVGGTTTVITAESTPEEVREMAEELNREMEERRRRE
253,15,13,1.0065908908599621,0.5809661149978638,0.38708585500717163,14.120771825313568,8.367557525634766,SMAAKRAALEALMEALREAVRAGDDVRAVEQLLAFVDLLAELGMPAGLFGGPFRLETREQAEEVVERLEEAFKKHLGVEVGEPSPYPGGRYRIEREERDGVYIVRVDAPFDLSGQDYLDAETVFDLLEFLRDEVGGTTTVVTDPSLPAAVQARAAALNEAFAAARAAA
254,15,14,0.9937048594629778,0.6091403961181641,0.4044431149959564,15.988467752933502,10.734463691711426,NMDEASEELMKLMEEARRAAEAGDSAELLDKLLEIVDKLAELGMPAGLVGGPFRFETEEAAEEGVARLREALARHLGVRPGEASPLPGGRWRITTSREDGVYVVRVEAPLDLSGLEYVDPDEVFDFLEFLRDRLGGRTTVITSEELPEAVREKAAAHNAAMAAAEAAE
255,15,15,1.0148976268529637,0.7747660875320435,0.6726967096328735,7.999672710895538,2.558255195617676,MKEEKSAELNELIEKALEALDAGDSKKLFDYLLELVRKLKELGMPAGLVGGPFVFETEEEAEEAVAAIERALKEYRGVEVGEKSPLPGGEYNIKTSEEGGKFIVEVDAPFDLSGLKYIDPRLVFEFLRKLREKIGGTNTIITDDSIPEEVKEMADRLNKEMEEARKAK
